#PETAL_LOC DEVICE_LOC FVC_ID FLAGS DEVICE_ID DEVICE_TYPE X Y
0 75 4075 8 P011 FIF -7.888642 -158.134159
0 150 4150 8 P019 FIF -60.996350 -233.814418
0 533 4533 65544 P030 FIF 44.088598 -406.559596
0 439 4439 8 P043 FIF -113.103221 -393.823149
0 532 4532 65544 P074 FIF 33.883129 -408.766963
0 482 4482 8 P079 FIF -68.238341 -402.614140
0 496 4496 8 P080 FIF 74.177945 -371.910627
0 321 4321 8 P087 FIF -11.935485 -315.650622
0 534 4534 8 P103 FIF 54.331707 -404.577521
0 11 4011 8 P117 FIF 13.860879 -61.655078
0 239 4239 8 P126 FIF 75.924024 -251.504228
0 517 4517 8 P134 FIF -14.090333 -409.726508
0 542 4542 136 P081 GIF 82.505182 -402.289387
0 541 4541 136 P114 GIF 105.922689 -344.625585
0 486 4486 4 M02691 POS -27.644669 -393.715752
0 518 4518 4 M02780 POS -3.586348 -407.349887
0 485 4485 4 M02791 POS -37.854450 -395.924825
0 470 4470 4 M02895 POS -3.984234 -379.306414
0 19 4019 4 M02910 POS 7.649798 -81.317378
0 446 4446 4 M02929 POS -41.524683 -378.021324
0 87 4087 4 M03090 POS 19.709532 -161.737744
0 163 4163 4 M03154 POS -74.433391 -246.224346
0 508 4508 4 M03164 POS 30.338649 -390.640317
0 369 4369 4 M03165 POS 63.307058 -318.544533
0 408 4408 4 M03168 POS 26.188163 -344.852749
0 473 4473 4 M03170 POS 26.571580 -372.724486
0 242 4242 4 M03172 POS -70.206695 -291.422931
0 488 4488 4 M03178 POS -7.248934 -389.372578
0 368 4368 4 M03353 POS 53.094464 -320.657418
0 349 4349 4 M03355 POS 66.544225 -308.567626
0 442 4442 4 M03365 POS -82.344382 -386.916470
0 507 4507 4 M03522 POS 20.104616 -392.842242
0 396 4396 4 M03529 POS -96.154058 -371.201992
0 484 4484 4 M03547 POS -48.037259 -398.150213
0 490 4490 4 M03559 POS 13.159178 -384.962778
0 420 4420 4 M03622 POS -79.026457 -376.820008
0 466 4466 4 M03627 POS -44.765429 -388.067800
0 398 4398 4 M03635 POS -75.742565 -366.778449
0 424 4424 4 M03641 POS -38.254202 -367.970883
0 400 4400 4 M03666 POS -55.392952 -362.343771
0 469 4469 4 M03782 POS -14.188059 -381.466578
0 447 4447 4 M03818 POS -31.303498 -375.834200
0 505 4505 4 M03839 POS -0.294032 -397.177658
0 445 4445 4 M03848 POS -51.749665 -380.243149
0 519 4519 4 M04014 POS 6.640259 -405.135845
0 504 4504 4 M04015 POS -10.499654 -399.374710
0 313 4313 4 M04039 POS -93.356903 -333.446802
0 312 4312 4 M04048 POS -103.521781 -335.654142
0 375 4375 4 M04062 POS -92.911577 -361.169347
0 423 4423 4 M04130 POS -48.438068 -370.148617
0 467 4467 4 M04134 POS -34.543464 -385.845614
0 503 4503 4 M04135 POS -20.655228 -401.585405
0 489 4489 4 M04227 POS 2.946006 -387.160987
0 48 4048 4 M04343 POS -18.617588 -132.973383
0 468 4468 4 M04385 POS -24.355818 -383.651754
0 441 4441 4 M04390 POS -92.532295 -389.135472
0 352 4352 4 M04399 POS -110.025790 -355.622221
0 354 4354 4 M04439 POS -89.627507 -351.183214
0 397 4397 4 M04441 POS -85.955361 -369.024619
0 520 4520 4 M04469 POS 16.818052 -402.929159
0 78 4078 4 M04515 POS 22.907297 -151.832914
0 314 4314 4 M04527 POS -83.171611 -331.209671
0 440 4440 4 M04532 POS -102.762302 -391.365263
0 444 4444 4 M04533 POS -61.912815 -382.480913
0 401 4401 4 M04543 POS -45.178780 -360.147331
0 69 4069 4 M04560 POS 26.074860 -141.907359
0 448 4448 4 M04575 POS -21.145579 -373.637493
0 502 4502 4 M04635 POS -30.900303 -403.825319
0 334 4334 4 M04653 POS -86.415077 -341.180340
0 483 4483 4 M04660 POS -58.216382 -400.433900
0 425 4425 4 M04662 POS -28.056926 -365.791410
0 487 4487 4 M04663 POS -17.405986 -391.542316
0 378 4378 4 M04666 POS -62.303706 -354.532895
0 373 4373 4 M04674 POS -113.292470 -365.652233
0 421 4421 4 M04682 POS -68.834601 -374.571550
0 356 4356 4 M04684 POS -69.247771 -346.773392
0 61 4061 4 M04746 POS 29.345434 -132.017927
0 333 4333 4 M04750 POS -96.632147 -343.411979
0 394 4394 4 M04760 POS -116.561047 -375.709624
0 335 4335 4 M04787 POS -76.222304 -338.972901
0 353 4353 4 M04870 POS -99.845526 -353.413823
0 179 4179 4 M04896 POS -57.301343 -251.769400
0 521 4521 4 M04928 POS 27.028588 -400.742929
0 53 4053 4 M04929 POS 32.531193 -122.112117
0 376 4376 4 M04932 POS -82.714236 -358.956815
0 422 4422 4 M04934 POS -58.622892 -372.378561
0 462 4462 4 M04969 POS -85.590361 -397.020382
0 465 4465 4 M05016 POS -54.955276 -390.293536
0 449 4449 4 M05188 POS -10.908754 -371.449874
0 379 4379 4 M05189 POS -52.122926 -352.311618
0 377 4377 4 M05195 POS -72.506983 -356.765674
0 443 4443 4 M05197 POS -72.120963 -384.677134
0 506 4506 4 M05218 POS 9.900881 -395.018351
0 399 4399 4 M05224 POS -65.573319 -364.586446
0 463 4463 4 M05225 POS -75.350850 -394.729857
0 418 4418 4 M05237 POS -99.437024 -381.283814
0 522 4522 4 M05252 POS 37.215259 -398.553200
0 416 4416 4 M05344 POS -119.884126 -385.819535
0 374 4374 4 M05347 POS -103.090205 -363.431609
0 417 4417 4 M05400 POS -109.647334 -383.502486
0 395 4395 4 M05526 POS -106.403836 -373.444841
0 355 4355 4 M05527 POS -79.458869 -348.961332
0 332 4332 4 M05528 POS -106.785593 -345.620264
0 419 4419 4 M05536 POS -89.224168 -379.055700
0 464 4464 4 M05537 POS -65.199104 -392.536148
0 152 4152 4 M05616 POS -40.676787 -229.813701
0 427 4427 4 M05691 POS -7.635184 -361.407608
0 426 4426 4 M05692 POS -17.875404 -363.605079
0 383 4383 4 M05694 POS -11.364217 -343.590744
0 248 4248 4 M05696 POS -9.009485 -278.361290
0 362 4362 4 M05701 POS -8.110806 -333.635144
0 405 4405 4 M05702 POS -4.400277 -351.409293
0 307 4307 4 M05703 POS 42.453864 -295.178486
0 404 4404 4 M05704 POS -14.602309 -353.580974
0 428 4428 4 M05724 POS 2.552649 -359.208983
0 326 4326 4 M05725 POS 39.190245 -305.102173
0 341 4341 4 M05726 POS -15.078794 -325.847024
0 231 4231 4 M05737 POS -5.770263 -268.443086
0 323 4323 4 M05738 POS 8.576688 -311.551778
0 286 4286 4 M05746 POS 15.090831 -291.697157
0 250 4250 4 M05766 POS 11.407188 -274.060681
0 125 4125 4 M05767 POS -54.609072 -214.347015
0 140 4140 4 M05769 POS -27.187520 -217.764306
0 139 4139 4 M05780 POS -37.435347 -219.926552
0 181 4181 4 M05781 POS -36.893125 -247.435426
0 138 4138 4 M05782 POS -47.650136 -222.085819
0 153 4153 4 M05790 POS -30.434858 -227.655274
0 165 4165 4 M05791 POS -54.105413 -241.869765
0 68 4068 4 M05797 POS 15.882339 -144.100151
0 135 4135 4 M05798 POS 47.507934 -192.724778
0 123 4123 4 M05799 POS 50.770331 -182.821154
0 491 4491 4 M05811 POS 23.369370 -382.780336
0 409 4409 4 M05813 POS 36.418147 -342.682981
0 431 4431 4 M05814 POS 33.168015 -352.664726
0 453 4453 4 M05815 POS 29.887320 -362.690447
0 387 4387 4 M05816 POS 29.440488 -334.895314
0 1 4001 4 M05817 POS -6.856945 -38.298889
0 9 4009 4 M05818 POS -6.304214 -65.843917
0 17 4017 4 M05819 POS -12.738433 -85.618507
0 159 4159 4 M05820 POS 30.877993 -214.671184
0 174 4174 4 M05821 POS 37.825895 -222.413579
0 13 4013 4 M05823 POS -9.539954 -75.725974
0 0 4000 4 M05826 POS -3.603916 -28.389799
0 3 4003 4 M05828 POS -10.052878 -48.207970
0 164 4164 4 M05829 POS -64.274260 -244.047713
0 160 4160 4 M05830 POS 41.068480 -212.516882
0 224 4224 4 M05831 POS -77.180018 -283.648287
0 208 4208 4 M05832 POS -73.945141 -273.745501
0 147 4147 4 M05833 POS 44.309509 -202.647245
0 430 4430 4 M05837 POS 22.936592 -354.813426
0 225 4225 4 M05842 POS -66.980801 -281.467925
0 6 4006 4 M05843 POS -3.111082 -55.914655
0 27 4027 4 M05844 POS -19.193810 -105.449382
0 146 4146 4 M05845 POS 34.121940 -204.770621
0 193 4193 4 M05846 POS -70.721570 -263.854130
0 406 4406 4 M05848 POS 5.779289 -349.229678
0 210 4210 4 M05850 POS -53.583499 -269.395158
0 2 4002 4 M05851 POS 3.336946 -36.166650
0 195 4195 4 M05852 POS -50.335993 -259.511057
0 451 4451 4 M05853 POS 9.474473 -367.085564
0 429 4429 4 M05860 POS 12.742165 -357.021040
0 492 4492 4 M05861 POS 33.543581 -380.583322
0 226 4226 4 M05862 POS -56.777782 -279.309946
0 458 4458 4 M05863 POS 80.867800 -351.969496
0 243 4243 4 M05864 POS -60.012156 -289.261825
0 471 4471 4 M05865 POS 6.185802 -377.125710
0 407 4407 4 M05866 POS 15.966303 -347.014349
0 42 4042 4 M05867 POS -5.177463 -120.891867
0 60 4060 4 M05868 POS 19.106396 -134.180072
0 35 4035 4 M05869 POS -2.031947 -111.027374
0 29 4029 4 M05870 POS 1.215385 -101.155152
0 37 4037 4 M05871 POS 18.436945 -106.651841
0 77 4077 4 M05872 POS 12.700732 -153.993433
0 66 4066 4 M05873 POS -4.608102 -148.417295
0 58 4058 4 M05874 POS -1.383396 -138.525233
0 320 4320 4 M05875 POS -22.006451 -318.107874
0 403 4403 4 M05876 POS -24.801290 -355.761025
0 24 4024 4 M05878 POS 4.465355 -91.257824
0 281 4281 4 M05879 POS -35.871992 -302.571870
0 228 4228 4 M05880 POS -36.378043 -274.945089
0 263 4263 4 M05881 POS -32.668438 -292.624045
0 227 4227 4 M05882 POS -46.588109 -277.145190
0 89 4089 4 M05883 POS 40.056916 -157.441297
0 18 4018 4 M05887 POS -2.519484 -83.458652
0 23 4023 4 M05888 POS -5.770957 -93.372072
0 244 4244 4 M05889 POS -49.815624 -287.049791
0 261 4261 4 M05894 POS -53.057993 -297.007199
0 14 4014 4 M05895 POS 0.697823 -73.561875
0 10 4010 4 M05896 POS 3.900901 -63.686715
0 7 4007 4 M05897 POS 7.158498 -53.795454
0 8 4008 4 M05899 POS -16.510324 -68.006861
0 5 4005 4 M05900 POS -13.295081 -58.085353
0 36 4036 4 M05904 POS 8.184277 -108.825530
0 41 4041 4 M05905 POS -15.374194 -123.062438
0 76 4076 4 M05906 POS 2.405552 -156.175062
0 34 4034 4 M05907 POS -12.193611 -113.175037
0 67 4067 4 M05908 POS 5.609769 -146.246672
0 28 4028 4 M05909 POS -8.969021 -103.248867
0 65 4065 4 M05910 POS -14.800930 -150.657107
0 57 4057 4 M05911 POS -11.564369 -140.736772
0 178 4178 4 M05912 POS -67.496693 -253.931217
0 49 4049 4 M05913 POS -8.386173 -130.844993
0 59 4059 4 M05914 POS 8.831762 -136.347636
0 51 4051 4 M05915 POS 11.977319 -126.465048
0 44 4044 4 M05916 POS 15.256067 -116.538286
0 12 4012 4 M05917 POS -19.754782 -77.897582
0 209 4209 4 M05918 POS -63.742926 -271.570897
0 194 4194 4 M05919 POS -60.529328 -261.674068
0 111 4111 4 M05920 POS 43.815434 -175.061389
0 100 4100 4 M05921 POS 47.057162 -165.183937
0 524 4524 4 M05923 POS 57.524038 -394.120484
0 110 4110 4 M05925 POS 33.607836 -177.226191
0 173 4173 4 M05927 POS 27.639883 -224.558738
0 145 4145 4 M05928 POS 23.894918 -206.915883
0 109 4109 4 M05929 POS 23.412702 -179.376134
0 158 4158 4 M05930 POS 20.654208 -216.828538
0 191 4191 4 M05931 POS 65.162944 -225.893638
0 222 4222 4 M05932 POS 68.868960 -243.557080
0 22 4022 4 M05933 POS -16.005841 -95.557976
0 56 4056 4 M05934 POS -21.827675 -142.864539
0 16 4016 4 M05974 POS -22.946694 -87.819072
0 207 4207 4 M05975 POS -84.109525 -275.950095
0 477 4477 4 M05977 POS 67.449148 -364.106569
0 457 4457 4 M05978 POS 70.655782 -354.118449
0 512 4512 4 M05979 POS 71.136904 -381.970629
0 475 4475 4 M05980 POS 46.995506 -368.390044
0 456 4456 4 M05981 POS 60.431874 -356.236475
0 434 4434 4 M05982 POS 63.730135 -346.239774
0 455 4455 4 M05983 POS 50.267320 -358.386697
0 30 4030 4 M06011 POS 11.464925 -98.941753
0 25 4025 4 M06012 POS 14.633313 -89.051458
0 98 4098 4 M06014 POS 26.619051 -169.500382
0 45 4045 4 M06015 POS 25.520838 -114.372739
0 88 4088 4 M06016 POS 29.901890 -159.572922
0 52 4052 4 M06017 POS 22.350199 -124.274849
0 79 4079 4 M06018 POS 33.093153 -149.691136
0 134 4134 4 M06019 POS 37.358870 -194.875197
0 122 4122 4 M06020 POS 40.572131 -184.966630
0 46 4046 4 M06021 POS -39.042819 -137.309902
0 32 4032 4 M06023 POS -32.616080 -117.539260
0 26 4026 4 M06024 POS -29.353815 -107.621405
0 21 4021 4 M06025 POS -26.170918 -97.700545
0 144 4144 4 M06048 POS 13.699010 -209.066963
0 120 4120 4 M06049 POS 20.196591 -189.277158
0 132 4132 4 M06050 POS 16.946622 -199.172857
0 121 4121 4 M06051 POS 30.373299 -187.127664
0 133 4133 4 M06053 POS 27.170194 -197.037295
0 211 4211 4 M06080 POS -43.376648 -267.249967
0 392 4392 4 M06084 POS 80.432439 -324.178710
0 262 4262 4 M06085 POS -42.851261 -294.809190
0 413 4413 4 M06086 POS 77.217307 -334.128346
0 137 4137 4 M06088 POS -57.829402 -224.263054
0 196 4196 4 M06089 POS -40.156977 -257.344477
0 50 4050 4 M06135 POS 1.779894 -128.641645
0 15 4015 4 M06136 POS 10.924455 -71.416195
0 20 4020 4 M06137 POS 17.872815 -79.139504
0 43 4043 4 M06138 POS 4.996376 -118.705804
0 47 4047 4 M06139 POS -28.826611 -135.124389
0 4 4004 4 M06140 POS 0.155980 -46.047035
0 371 4371 4 M06142 POS 83.686589 -314.235909
0 40 4040 4 M06143 POS -25.613805 -125.240311
0 33 4033 4 M06144 POS -22.410283 -115.331348
0 245 4245 4 M06155 POS -39.625474 -284.895992
0 342 4342 4 M06156 POS -4.864443 -323.640100
0 494 4494 4 M06157 POS 53.929302 -376.253601
0 382 4382 4 M06158 POS -21.573025 -345.791119
0 510 4510 4 M06159 POS 50.715540 -386.245394
0 525 4525 4 M06160 POS 67.890725 -392.028967
0 495 4495 4 M06161 POS 64.167209 -374.097894
0 340 4340 4 M06162 POS -25.235006 -328.029997
0 361 4361 4 M06163 POS -18.293780 -335.819021
0 266 4266 4 M06166 POS -2.069889 -286.100454
0 351 4351 4 M06167 POS 86.957049 -304.305930
0 127 4127 4 M06168 POS -34.185040 -210.047827
0 167 4167 4 M06171 POS -33.679101 -237.540377
0 31 4031 4 M06173 POS 21.665709 -96.740075
0 126 4126 4 M06590 POS -44.423529 -212.180022
0 270 4270 4 M06605 POS 38.776833 -277.512042
0 252 4252 4 M06606 POS 31.839388 -269.745571
0 235 4235 4 M06607 POS 35.010462 -259.851271
0 236 4236 4 M06608 POS 45.247752 -257.707392
0 203 4203 4 M06609 POS 31.315205 -242.219921
0 253 4253 4 M06612 POS 42.036993 -267.593594
0 188 4188 4 M06613 POS 34.582363 -232.322248
0 437 4437 4 M06666 POS 94.346691 -339.867710
0 526 4526 4 M06683 POS 78.082689 -389.922215
0 350 4350 4 M06686 POS 76.737518 -306.438591
0 149 4149 4 M06705 POS -71.233023 -236.312673
0 136 4136 4 M06706 POS -68.009358 -226.418203
0 124 4124 4 M06707 POS -64.795759 -216.514905
0 112 4112 4 M06708 POS -61.569029 -206.620969
0 101 4101 4 M06709 POS -58.347597 -196.716793
0 180 4180 4 M06710 POS -47.093674 -249.628843
0 151 4151 4 M06711 POS -50.872818 -231.982652
0 166 4166 4 M06712 POS -43.887464 -239.714986
0 113 4113 4 M06713 POS -51.398998 -204.469832
0 330 4330 4 M06734 POS 80.031677 -296.531546
0 370 4370 4 M06735 POS 73.495775 -316.350018
0 459 4459 4 M06736 POS 91.085110 -349.902462
0 391 4391 4 M06737 POS 70.261205 -326.334523
0 436 4436 4 M06739 POS 84.179902 -341.977372
0 412 4412 4 M06740 POS 67.001059 -336.276019
0 435 4435 4 M06741 POS 73.950515 -344.104431
0 329 4329 4 M06742 POS 69.801172 -298.646893
0 372 4372 4 M06761 POS 93.912127 -312.107184
0 433 4433 4 M06763 POS 53.549310 -348.355960
0 523 4523 4 M06764 POS 47.395342 -396.337456
0 474 4474 4 M06765 POS 36.774480 -370.523351
0 509 4509 4 M06766 POS 40.514852 -388.455878
0 493 4493 4 M06767 POS 43.754133 -378.407380
0 415 4415 4 M06768 POS 97.605005 -329.891986
0 454 4454 4 M06769 POS 40.067598 -360.521331
0 511 4511 4 M06775 POS 60.920302 -384.114250
0 476 4476 4 M06777 POS 57.226268 -366.235545
0 414 4414 4 M06780 POS 87.392864 -331.976446
0 410 4410 4 M06782 POS 46.594092 -340.541847
0 432 4432 4 M06783 POS 43.288885 -350.531174
0 393 4393 4 M06784 POS 90.650026 -322.076001
0 309 4309 4 M07005 POS 62.857735 -290.888984
0 251 4251 4 M07006 POS 21.614827 -271.910838
0 187 4187 4 M07008 POS 24.380930 -234.475190
0 234 4234 4 M07011 POS 24.831922 -261.988859
0 157 4157 4 M07013 POS 10.471281 -218.980561
0 143 4143 4 M07014 POS 3.508969 -211.217306
0 218 4218 4 M07015 POS 28.097745 -252.107388
0 186 4186 4 M07017 POS 14.142309 -236.614527
0 97 4097 4 M07052 POS 16.460872 -171.647630
0 118 4118 4 M07053 POS -0.234763 -193.600814
0 86 4086 4 M07055 POS 9.437216 -163.900215
0 131 4131 4 M07056 POS 6.751219 -201.317904
0 96 4096 4 M07071 POS 6.228312 -173.803873
0 450 4450 4 M07225 POS -0.714385 -369.257446
0 296 4296 4 M07262 POS -69.744322 -319.044092
0 336 4336 4 M07265 POS -66.013479 -336.780738
0 279 4279 4 M07266 POS -56.311073 -306.937548
0 298 4298 4 M07268 POS -49.319578 -314.665743
0 357 4357 4 M07269 POS -59.097034 -344.529121
0 384 4384 4 M07320 POS -1.174666 -341.406856
0 185 4185 4 M07325 POS 3.959889 -238.757034
0 337 4337 4 M07326 POS -55.823844 -334.564138
0 183 4183 4 M07327 POS -16.473980 -243.064093
0 55 4055 4 M07332 POS -32.042306 -145.042774
0 315 4315 4 M07337 POS -72.987223 -328.993221
0 232 4232 4 M07339 POS 4.372960 -266.292738
0 363 4363 4 M07342 POS 2.093800 -331.433799
0 452 4452 4 M07343 POS 19.669673 -364.899978
0 343 4343 4 M07345 POS 5.340543 -321.493991
0 322 4322 4 M07359 POS -1.603053 -313.708492
0 212 4212 4 M07360 POS -33.179717 -265.037556
0 246 4246 4 M07362 POS -29.408621 -282.705755
0 213 4213 4 M07363 POS -22.947148 -262.870278
0 259 4259 4 M07364 POS -73.470500 -301.351897
0 316 4316 4 M07365 POS -62.805149 -326.808370
0 301 4301 4 M07367 POS -18.787896 -308.122682
0 283 4283 4 M07368 POS -15.495190 -298.207737
0 303 4303 4 M07369 POS 1.593104 -303.764700
0 297 4297 4 M07370 POS -59.538108 -316.855404
0 278 4278 4 M07371 POS -66.500605 -309.095441
0 130 4130 4 M07374 POS -3.480950 -203.499303
0 142 4142 4 M07399 POS -6.732085 -213.423594
0 94 4094 4 M07400 POS -14.300940 -178.144149
0 84 4084 4 M07401 POS -11.063171 -168.267384
0 129 4129 4 M07403 POS -13.736503 -205.666110
0 117 4117 4 M07405 POS -10.466467 -195.770392
0 106 4106 4 M07406 POS -7.250658 -185.865568
0 95 4095 4 M07407 POS -4.050734 -175.953660
0 85 4085 4 M07408 POS -0.837574 -166.046931
0 108 4108 4 M07409 POS 13.228293 -181.521236
0 107 4107 4 M07410 POS 2.991137 -183.699352
0 119 4119 4 M07411 POS 9.974240 -191.436127
0 388 4388 4 M07432 POS 39.619681 -332.726897
0 389 4389 4 M07433 POS 49.827595 -330.593885
0 386 4386 4 M07477 POS 19.212871 -337.051098
0 365 4365 4 M07479 POS 22.484963 -327.106811
0 219 4219 4 M07498 POS 38.297011 -249.964809
0 70 4070 4 M07499 POS 36.316714 -139.782289
0 99 4099 4 M07500 POS 36.835175 -167.346219
0 202 4202 4 M07501 POS 21.122981 -244.386730
0 201 4201 4 M07502 POS 10.897242 -246.515164
0 217 4217 4 M07503 POS 17.884016 -254.250443
0 90 4090 4 M07509 POS -55.133273 -186.811814
0 220 4220 4 M07510 POS 48.503354 -247.837711
0 411 4411 4 M07515 POS 56.779236 -338.405028
0 317 4317 4 M07517 POS -52.581240 -324.641008
0 358 4358 4 M07519 POS -48.881972 -342.346776
0 154 4154 4 M07521 POS -20.200284 -225.468339
0 338 4338 4 M07525 POS -45.650632 -332.410554
0 168 4168 4 M07529 POS -23.441477 -235.361743
0 215 4215 4 M07530 POS -2.533673 -258.572236
0 192 4192 4 M07554 POS -80.892282 -266.017667
0 141 4141 4 M07556 POS -17.000009 -215.566649
0 233 4233 4 M07557 POS 14.635102 -264.142241
0 172 4172 4 M07561 POS 17.430129 -226.727041
0 204 4204 4 M07564 POS 41.534225 -240.072061
0 39 4039 4 M07605 POS -35.808395 -127.356498
0 80 4080 4 M07678 POS -51.937146 -176.922332
0 328 4328 4 M07679 POS 59.587014 -300.795177
0 347 4347 4 M07680 POS 46.108171 -312.868684
0 348 4348 4 M07714 POS 56.374614 -310.735513
0 308 4308 4 M07716 POS 52.637324 -293.030830
0 54 4054 4 M07719 POS -42.261099 -147.206220
0 367 4367 4 M07729 POS 42.891766 -322.791704
0 82 4082 4 M07737 POS -31.493425 -172.575663
0 92 4092 4 M07738 POS -34.761296 -182.480270
0 271 4271 4 M07739 POS 48.952900 -275.364720
0 71 4071 4 M07740 POS -48.698264 -167.003516
0 62 4062 4 M07741 POS -45.483247 -157.073355
0 265 4265 4 M07780 POS -12.277695 -288.245792
0 345 4345 4 M07801 POS 25.724870 -317.155576
0 390 4390 4 M07804 POS 60.033541 -328.471361
0 189 4189 4 M07807 POS 44.779218 -230.194159
0 175 4175 4 M07808 POS 48.007240 -220.288658
0 161 4161 4 M07809 POS 51.274261 -210.383771
0 221 4221 4 M07840 POS 58.689631 -245.703766
0 229 4229 4 M07841 POS -26.193106 -272.770858
0 282 4282 4 M07842 POS -25.719565 -300.371921
0 472 4472 4 M07843 POS 16.385884 -374.910542
0 364 4364 4 M07844 POS 12.321353 -329.292004
0 385 4385 4 M07845 POS 9.023150 -339.235758
0 206 4206 4 M07847 POS 61.957486 -235.795248
0 293 4293 4 M07892 POS -100.285076 -325.657303
0 177 4177 4 M07906 POS -77.655051 -256.118409
0 360 4360 4 M07907 POS -28.507508 -337.977400
0 148 4148 4 M07914 POS 54.465625 -200.509100
0 205 4205 4 M07915 POS 51.734641 -237.941031
0 190 4190 4 M07916 POS 54.964824 -228.058018
0 176 4176 4 M07917 POS 58.196296 -218.144860
0 162 4162 4 M07918 POS 61.438771 -208.242049
0 223 4223 4 M07935 POS -87.340022 -285.837646
0 277 4277 4 M07937 POS -76.701204 -311.273932
0 402 4402 4 M07938 POS -35.035456 -357.934784
0 254 4254 4 M07939 POS 52.199552 -265.472467
0 290 4290 4 M07942 POS 55.886860 -283.117290
0 72 4072 4 M07943 POS -38.500361 -164.833890
0 289 4289 4 M07946 POS 45.717186 -285.263962
0 327 4327 4 M07947 POS 49.412893 -302.957093
0 344 4344 4 M07951 POS 15.500223 -319.304767
0 284 4284 4 M07952 POS -5.320616 -296.013865
0 249 4249 4 M07954 POS 1.203292 -276.192163
0 302 4302 4 M07955 POS -8.536934 -305.936299
0 299 4299 4 M07957 POS -39.137180 -312.507233
0 280 4280 4 M07958 POS -46.082523 -304.757935
0 260 4260 4 M07959 POS -63.258507 -299.194787
0 295 4295 4 M07960 POS -79.939633 -321.220821
0 81 4081 4 M07961 POS -41.730069 -174.740763
0 182 4182 4 M07962 POS -26.703771 -245.261240
0 288 4288 4 M07963 POS 35.507129 -287.410746
0 306 4306 4 M07964 POS 32.229967 -297.328097
0 285 4285 4 M07965 POS 4.901299 -293.855479
0 268 4268 4 M07966 POS 18.362145 -281.773758
0 258 4258 4 M07967 POS -83.672509 -303.514116
0 294 4294 4 M07968 POS -90.127980 -323.420127
0 292 4292 4 M07970 POS 76.285056 -278.851697
0 274 4274 4 M07971 POS 79.533869 -268.968872
0 346 4346 4 M07972 POS 35.933929 -315.003927
0 366 4366 4 M07974 POS 32.688927 -324.926481
0 102 4102 4 M07975 POS -48.197726 -194.543369
0 91 4091 4 M08011 POS -44.972212 -184.622756
0 291 4291 4 M08015 POS 66.076780 -280.976705
0 311 4311 4 M08016 POS 83.255017 -286.628336
0 319 4319 4 M08017 POS -32.220685 -320.279055
0 318 4318 4 M08019 POS -42.402099 -322.456205
0 198 4198 4 M08026 POS -19.733146 -252.983271
0 184 4184 4 M08027 POS -6.231171 -240.941570
0 305 4305 4 M08028 POS 22.018382 -299.468845
0 269 4269 4 M08030 POS 28.566868 -279.651614
0 325 4325 4 M08031 POS 28.990647 -307.237581
0 273 4273 4 M08054 POS 69.337888 -271.095049
0 304 4304 4 M08055 POS 11.814521 -301.614010
0 200 4200 4 M08056 POS 0.729038 -248.640141
0 216 4216 4 M08057 POS 7.689483 -256.403722
0 171 4171 4 M08058 POS 7.216319 -228.886938
0 199 4199 4 M08059 POS -9.480313 -250.810512
0 214 4214 4 M08060 POS -12.780089 -260.698694
0 380 4380 4 M08070 POS -41.945534 -350.149735
0 300 4300 4 M08071 POS -28.945525 -310.330679
0 272 4272 4 M08096 POS 59.154760 -273.225913
0 237 4237 4 M08097 POS 55.455033 -255.581751
0 256 4256 4 M08099 POS 72.607132 -261.196644
0 103 4103 4 M08135 POS -37.977219 -192.380490
0 247 4247 4 M08143 POS -19.200193 -280.526453
0 264 4264 4 M08144 POS -22.499525 -290.392200
0 230 4230 4 M08145 POS -15.979086 -270.606249
0 267 4267 4 M08146 POS 8.111735 -283.916899
0 156 4156 4 M08147 POS 0.237762 -221.123861
0 170 4170 4 M08148 POS -2.991350 -231.011467
0 241 4241 4 M08149 POS -80.440077 -293.608029
0 276 4276 4 M08150 POS -86.903593 -313.470849
0 240 4240 4 M08151 POS -90.591321 -295.809439
0 257 4257 4 M08153 POS -93.816770 -305.735018
0 63 4063 4 M08154 POS -35.284783 -154.932541
0 275 4275 4 M08155 POS -97.073931 -315.707642
0 287 4287 4 M08156 POS 25.309690 -289.541559
0 116 4116 4 M08157 POS -20.772515 -197.947674
0 105 4105 4 M08158 POS -17.505774 -188.057374
0 310 4310 4 M08160 POS 73.067963 -288.786161
0 238 4238 4 M08162 POS 65.629765 -253.471984
0 324 4324 4 M08163 POS 18.782318 -309.378776
0 64 4064 4 M08176 POS -25.022962 -152.801813
0 73 4073 4 M08178 POS -28.261942 -162.694841
0 114 4114 4 M08179 POS -41.235681 -202.296272
0 255 4255 4 M08180 POS 62.439036 -263.317703
0 169 4169 4 M08181 POS -13.224378 -233.204303
0 197 4197 4 M08182 POS -29.924331 -255.155611
0 155 4155 4 M08183 POS -9.998215 -223.297367
0 339 4339 4 M08188 POS -35.451165 -330.183969
0 381 4381 4 M08189 POS -31.776083 -347.980421
0 359 4359 4 M08190 POS -38.694648 -340.179506
0 104 4104 4 M08191 POS -27.769776 -190.219652
0 93 4093 4 M08192 POS -24.496755 -180.328352
0 74 4074 4 M08193 POS -18.064215 -160.517840
0 115 4115 4 M08194 POS -31.012114 -200.113699
0 83 4083 4 M08195 POS -21.280670 -170.436050
0 128 4128 4 M08196 POS -24.053430 -207.837660
0 501 4501 260 M02956 ETC -41.190093 -406.106708
0 461 4461 260 M04529 ETC -95.902587 -399.292452
1 533 5533 8 P012 FIF 281.749344 -295.489693
1 496 5496 8 P046 FIF 278.894604 -257.411150
1 534 5534 8 P048 FIF 274.833123 -302.725533
1 482 5482 8 P054 FIF 181.653269 -366.069898
1 11 5011 8 P091 FIF 47.658161 -41.753864
1 321 5321 8 P099 FIF 176.510189 -262.517944
1 150 5150 8 P106 FIF 88.419241 -225.588067
1 517 5517 8 P108 FIF 229.773687 -339.278921
1 239 5239 8 P115 FIF 208.997937 -158.495297
1 439 5439 8 P130 FIF 140.030386 -384.885614
1 75 5075 8 P133 FIF 86.978836 -132.979510
1 542 5542 136 P128 GIF 302.784600 -276.952813
1 541 5541 136 P135 GIF 289.074127 -216.698992
1 420 5420 4 M01134 POS 157.574843 -351.364083
1 43 5043 4 M01200 POS 73.787531 -93.215923
1 49 5049 4 M01235 POS 70.101236 -110.860564
1 337 5337 4 M01289 POS 151.498096 -303.558194
1 166 5166 4 M01335 POS 105.382775 -219.828696
1 312 5312 4 M01380 POS 113.532941 -332.481008
1 311 5311 4 M01593 POS 235.817592 -182.949038
1 20 5020 4 M01869 POS 60.954693 -53.611168
1 373 5373 4 M01916 POS 123.238636 -362.489766
1 379 5379 4 M02174 POS 164.955968 -315.728602
1 36 5036 4 M02238 POS 70.562027 -83.326329
1 393 5393 4 M02248 POS 262.626539 -207.322157
1 33 5033 4 M02287 POS 49.598921 -106.587133
1 176 5176 4 M02321 POS 175.288504 -142.343386
1 81 5081 4 M02323 POS 68.892160 -166.013478
1 143 5143 4 M02335 POS 127.000176 -168.891754
1 502 5502 4 M02338 POS 212.347336 -344.957594
1 32 5032 4 M02339 POS 42.598215 -114.319291
1 12 5012 4 M02580 POS 29.745493 -74.692589
1 34 5034 4 M02593 POS 56.597588 -98.826017
1 16 5016 4 M02613 POS 33.003527 -84.577652
1 8 5008 4 M02626 POS 26.525337 -64.794695
1 0 5000 4 M02637 POS 13.762180 -25.235160
1 136 5136 4 M02638 POS 78.030487 -223.245588
1 3 5003 4 M02642 POS 20.123942 -45.028152
1 109 5109 4 M02643 POS 124.410651 -131.433808
1 1 5001 4 M02652 POS 16.929658 -35.162390
1 13 5013 4 M02653 POS 36.731641 -66.933670
1 99 5099 4 M02656 POS 128.190229 -113.821608
1 5 5005 4 M02661 POS 23.315792 -54.908451
1 23 5023 4 M02663 POS 50.195732 -79.100926
1 454 5454 4 M02712 POS 244.346043 -268.215223
1 6 5006 4 M02718 POS 30.334632 -47.133446
1 276 5276 4 M02767 POS 113.999183 -304.767381
1 67 5067 4 M02799 POS 90.497927 -115.130695
1 416 5416 4 M02822 POS 129.823677 -382.672850
1 489 5489 4 M02826 POS 230.001725 -311.550869
1 520 5520 4 M02828 POS 250.463308 -316.182012
1 153 5153 4 M02830 POS 109.182501 -202.164236
1 396 5396 4 M02839 POS 140.430126 -356.924021
1 151 5151 4 M02843 POS 95.231135 -217.689234
1 121 5121 4 M02856 POS 134.540222 -133.638996
1 106 5106 4 M02872 POS 103.343052 -154.754762
1 181 5181 4 M02879 POS 115.613677 -222.026582
1 336 5336 4 M02885 POS 144.544625 -311.356195
1 338 5338 4 M02886 POS 158.442020 -295.791912
1 477 5477 4 M02889 POS 268.631958 -254.954768
1 137 5137 4 M02898 POS 84.979726 -215.526987
1 442 5442 4 M02923 POS 160.886507 -361.516603
1 50 5050 4 M02932 POS 77.042209 -103.092357
1 167 5167 4 M02943 POS 112.349456 -212.101351
1 470 5470 4 M02946 POS 219.724991 -309.251349
1 401 5401 4 M02948 POS 175.138939 -317.978274
1 506 5506 4 M02951 POS 240.246135 -313.801755
1 380 5380 4 M02995 POS 171.910736 -308.006386
1 395 5395 4 M03035 POS 133.437430 -364.715122
1 354 5354 4 M03043 POS 133.903200 -336.867966
1 46 5046 4 M03047 POS 49.046751 -134.116804
1 234 5234 4 M03048 POS 174.093266 -197.433436
1 328 5328 4 M03052 POS 224.993959 -208.407024
1 323 5323 4 M03058 POS 190.063093 -247.017069
1 26 5026 4 M03059 POS 39.385486 -104.392363
1 84 5084 4 M03060 POS 89.945426 -142.707156
1 9 5009 4 M03062 POS 33.537634 -57.040565
1 223 5223 4 M03066 POS 97.360248 -282.722303
1 356 5356 4 M03068 POS 147.815925 -321.283668
1 174 5174 4 M03078 POS 161.360120 -157.807172
1 39 5039 4 M03091 POS 45.837410 -124.204436
1 344 5344 4 M03102 POS 200.227404 -249.249954
1 114 5114 4 M03112 POS 85.563282 -187.962540
1 292 5292 4 M03141 POS 225.627925 -180.748462
1 377 5377 4 M03155 POS 151.069798 -331.292472
1 116 5116 4 M03169 POS 99.502279 -172.438923
1 199 5199 4 M03188 POS 139.772980 -208.583488
1 133 5133 4 M03194 POS 137.805947 -143.515126
1 156 5156 4 M03234 POS 130.158654 -178.835807
1 98 5098 4 M03238 POS 121.205105 -121.589324
1 25 5025 4 M03245 POS 64.142813 -63.522479
1 15 5015 4 M03247 POS 50.768715 -51.448239
1 68 5068 4 M03248 POS 97.517787 -107.351992
1 305 5305 4 M03262 POS 193.835976 -229.362113
1 295 5295 4 M03267 POS 124.136983 -306.947921
1 104 5104 4 M03269 POS 89.344268 -170.327690
1 258 5258 4 M03272 POS 110.737150 -294.792181
1 201 5201 4 M03273 POS 153.713160 -193.102150
1 191 5191 4 M03275 POS 185.523064 -144.499402
1 31 5031 4 M03276 POS 74.368773 -65.622791
1 213 5213 4 M03286 POS 136.006885 -226.273601
1 205 5205 4 M03290 POS 181.722068 -162.144061
1 466 5466 4 M03291 POS 191.913113 -340.347421
1 303 5303 4 M03293 POS 179.872431 -244.824225
1 253 5253 4 M03301 POS 191.266779 -191.863483
1 432 5432 4 M03306 POS 241.094838 -258.143155
1 521 5521 4 M03328 POS 257.439390 -308.410612
1 256 5256 4 M03330 POS 212.277874 -168.670982
1 522 5522 4 M03332 POS 264.416637 -300.625365
1 127 5127 4 M03335 POS 95.783830 -190.123061
1 493 5493 4 M03340 POS 257.848629 -280.446706
1 132 5132 4 M03346 POS 130.823041 -151.282023
1 286 5286 4 M03349 POS 183.689317 -227.154564
1 310 5310 4 M03351 POS 228.869125 -190.708685
1 183 5183 4 M03370 POS 129.581916 -206.483054
1 519 5519 4 M03377 POS 243.561535 -323.964996
1 265 5265 4 M03384 POS 159.489673 -240.495425
1 468 5468 4 M03431 POS 205.797070 -324.773444
1 484 5484 4 M03443 POS 195.235975 -350.453209
1 464 5464 4 M03445 POS 178.082530 -355.927617
1 129 5129 4 M03476 POS 109.778682 -174.594316
1 140 5140 4 M03485 POS 105.988659 -192.247787
1 408 5408 4 M03487 POS 223.909398 -263.648698
1 259 5259 4 M03491 POS 117.695217 -287.041881
1 24 5024 4 M03492 POS 57.133815 -71.315166
1 487 5487 4 M03495 POS 216.035184 -327.087110
1 76 5076 4 M03513 POS 93.803599 -125.063928
1 330 5330 4 M03523 POS 239.011925 -192.896340
1 70 5070 4 M03530 POS 111.529470 -91.812262
1 236 5236 4 M03532 POS 188.104236 -181.954550
1 90 5090 4 M03538 POS 65.165465 -183.647784
1 73 5073 4 M03572 POS 72.686429 -148.340200
1 30 5030 4 M03594 POS 67.397523 -73.437059
1 419 5419 4 M03603 POS 150.637759 -359.163281
1 55 5055 4 M03613 POS 59.277395 -136.270106
1 271 5271 4 M03623 POS 201.488246 -194.068368
1 277 5277 4 M03631 POS 120.958871 -297.021381
1 290 5290 4 M03636 POS 211.671778 -196.200286
1 238 5238 4 M03637 POS 202.062529 -166.538946
1 518 5518 4 M03644 POS 236.562032 -331.765344
1 317 5317 4 M03669 POS 148.286625 -293.599666
1 410 5410 4 M03675 POS 237.888117 -248.173861
1 105 5105 4 M03701 POS 96.315350 -162.568791
1 142 5142 4 M03702 POS 119.979512 -176.768345
1 422 5422 4 M03703 POS 171.447644 -335.784002
1 284 5284 4 M03713 POS 169.751032 -242.652537
1 79 5079 4 M03724 POS 114.802261 -101.714665
1 125 5125 4 M03729 POS 81.766083 -205.625474
1 509 5509 4 M03734 POS 261.111506 -290.521091
1 37 5037 4 M03759 POS 77.557705 -75.529949
1 44 5044 4 M03760 POS 80.777308 -85.449633
1 51 5051 4 M03769 POS 83.993637 -95.360849
1 246 5246 4 M03772 POS 142.350730 -246.091590
1 421 5421 4 M03774 POS 164.514905 -343.546348
1 69 5069 4 M03775 POS 104.519184 -99.522153
1 2 5002 4 M03776 POS 23.959279 -27.418276
1 94 5094 4 M03778 POS 93.171545 -152.673767
1 217 5217 4 M03779 POS 163.955653 -195.278179
1 352 5352 4 M03784 POS 120.006330 -352.439984
1 378 5378 4 M03787 POS 158.020388 -323.504136
1 433 5433 4 M03789 POS 248.107050 -250.390229
1 237 5237 4 M03792 POS 195.109417 -174.205829
1 374 5374 4 M03793 POS 130.188403 -354.668821
1 89 5089 4 M03807 POS 125.015143 -103.907493
1 57 5057 4 M03810 POS 73.317880 -120.764011
1 110 5110 4 M03811 POS 131.385556 -123.715439
1 28 5028 4 M03814 POS 53.392286 -88.922277
1 102 5102 4 M03815 POS 75.361150 -185.863032
1 204 5204 4 M03817 POS 174.758037 -169.891376
1 398 5398 4 M03826 POS 154.345051 -341.332687
1 22 5022 4 M03830 POS 43.174071 -86.758482
1 83 5083 4 M03838 POS 82.937041 -150.532389
1 65 5065 4 M03853 POS 76.466568 -130.711546
1 19 5019 4 M03854 POS 53.943774 -61.361308
1 367 5367 4 M03855 POS 224.426957 -235.969546
1 186 5186 4 M03856 POS 150.536011 -183.189718
1 117 5117 4 M03857 POS 106.602668 -164.650170
1 322 5322 4 M03858 POS 183.097019 -254.802975
1 27 5027 4 M03859 POS 46.373707 -96.654921
1 187 5187 4 M03860 POS 157.542481 -175.440531
1 172 5172 4 M03862 POS 147.363565 -173.287407
1 347 5347 4 M03863 POS 221.203556 -226.063906
1 10 5010 4 M03865 POS 40.591752 -49.265870
1 388 5388 4 M03866 POS 227.624889 -245.959591
1 128 5128 4 M03872 POS 102.787017 -182.365486
1 82 5082 4 M03873 POS 75.917139 -158.233782
1 251 5251 4 M03874 POS 177.278840 -207.389507
1 130 5130 4 M03877 POS 116.765538 -166.798992
1 368 5368 4 M03879 POS 231.425179 -228.266531
1 52 5052 4 M03880 POS 91.101262 -87.521980
1 93 5093 4 M03885 POS 86.173036 -160.382385
1 41 5041 4 M03887 POS 59.808857 -108.704592
1 64 5064 4 M03893 POS 69.476714 -138.434396
1 444 5444 4 M03894 POS 174.753696 -345.895665
1 61 5061 4 M03895 POS 101.296447 -89.667301
1 7 5007 4 M03910 POS 37.343295 -39.393074
1 313 5313 4 M03915 POS 120.457419 -324.703038
1 111 5111 4 M03916 POS 138.329987 -116.012767
1 327 5327 4 M03920 POS 218.051028 -216.113530
1 389 5389 4 M03922 POS 234.638205 -238.206753
1 222 5222 4 M03923 POS 198.879689 -156.602241
1 21 5021 4 M03924 POS 36.212028 -94.485687
1 88 5088 4 M03925 POS 117.977785 -111.661157
1 324 5324 4 M03932 POS 197.047448 -239.319604
1 233 5233 4 M03954 POS 167.138336 -205.146152
1 85 5085 4 M03957 POS 96.896467 -134.943978
1 17 5017 4 M03958 POS 39.977588 -76.864389
1 145 5145 4 M03959 POS 140.949615 -153.442812
1 215 5215 4 M03960 POS 149.973650 -210.756546
1 434 5434 4 M03963 POS 255.065206 -242.730403
1 353 5353 4 M03965 POS 126.909033 -344.659264
1 298 5298 4 M03968 POS 145.087686 -283.627390
1 263 5263 4 M03975 POS 145.590643 -256.017290
1 162 5162 4 M03987 POS 172.120053 -132.390232
1 458 5458 4 M03991 POS 272.319185 -237.275698
1 341 5341 4 M03998 POS 179.351583 -272.517139
1 40 5040 4 M03999 POS 52.806435 -116.484703
1 260 5260 4 M04004 POS 124.660142 -279.300131
1 155 5155 4 M04005 POS 123.138649 -186.598970
1 350 5350 4 M04006 POS 242.228550 -202.842209
1 525 5525 4 M04007 POS 285.351468 -277.398642
1 18 5018 4 M04010 POS 46.969230 -69.092754
1 400 5400 4 M04012 POS 168.214362 -325.773442
1 4 5004 4 M04013 POS 27.096100 -37.307319
1 510 5510 4 M04031 POS 268.055627 -282.755389
1 339 5339 4 M04034 POS 165.419780 -288.043293
1 192 5192 4 M04041 POS 90.892827 -262.874416
1 249 5249 4 M04042 POS 163.313052 -222.838180
1 207 5207 4 M04043 POS 94.099476 -272.817732
1 182 5182 4 M04044 POS 122.568026 -214.253680
1 154 5154 4 M04045 POS 116.201668 -194.397825
1 14 5014 4 M04049 POS 43.716571 -59.213565
1 45 5045 4 M04051 POS 87.847401 -77.646304
1 157 5157 4 M04052 POS 137.151052 -171.106014
1 59 5059 4 M04059 POS 87.275747 -105.214064
1 346 5346 4 M04067 POS 214.244033 -233.777514
1 394 5394 4 M04072 POS 126.521122 -372.552486
1 397 5397 4 M04084 POS 147.385137 -349.137615
1 113 5113 4 M04088 POS 78.591838 -195.709758
1 414 5414 4 M04098 POS 265.829970 -217.262095
1 218 5218 4 M04102 POS 170.918761 -187.537607
1 78 5078 4 M04108 POS 107.809206 -109.480723
1 47 5047 4 M04114 POS 56.053765 -126.360924
1 206 5206 4 M04115 POS 188.763599 -154.411974
1 144 5144 4 M04117 POS 133.978957 -161.178419
1 100 5100 4 M04118 POS 135.159104 -106.056162
1 245 5245 4 M04119 POS 135.417991 -253.876674
1 412 5412 4 M04122 POS 251.869990 -232.706876
1 474 5474 4 M04123 POS 247.574033 -278.190698
1 441 5441 4 M04129 POS 153.922989 -369.331213
1 173 5173 4 M04132 POS 154.360769 -165.501063
1 62 5062 4 M04141 POS 55.512722 -153.972319
1 467 5467 4 M04144 POS 198.826434 -332.531013
1 469 5469 4 M04145 POS 212.786261 -317.031785
1 418 5418 4 M04174 POS 143.698691 -366.971467
1 333 5333 4 M04177 POS 123.687433 -334.681255
1 417 5417 4 M04187 POS 136.761316 -374.795212
1 370 5370 4 M04193 POS 245.439488 -212.800482
1 42 5042 4 M04194 POS 66.860777 -100.957813
1 365 5365 4 M04197 POS 210.432152 -251.462869
1 252 5252 4 M04199 POS 184.310006 -199.618062
1 384 5384 4 M04201 POS 199.763171 -276.935292
1 426 5426 4 M04202 POS 199.301320 -304.714651
1 220 5220 4 M04203 POS 184.921744 -172.084838
1 254 5254 4 M04204 POS 198.271219 -184.134995
1 403 5403 4 M04205 POS 189.118008 -302.462661
1 92 5092 4 M04206 POS 79.152791 -168.189321
1 362 5362 4 M04207 POS 189.558840 -274.728615
1 165 5165 4 M04222 POS 98.418084 -227.588244
1 451 5451 4 M04224 POS 223.412841 -291.476387
1 48 5048 4 M04231 POS 63.101721 -118.596626
1 274 5274 4 M04238 POS 222.496574 -170.847784
1 508 5508 4 M04241 POS 254.235334 -298.303769
1 216 5216 4 M04246 POS 156.929062 -203.040245
1 35 5035 4 M04254 POS 63.559339 -91.093454
1 392 5392 4 M04258 POS 255.609555 -215.043669
1 235 5235 4 M04261 POS 181.102393 -189.698988
1 345 5345 4 M04262 POS 207.238595 -241.524872
1 255 5255 4 M04263 POS 205.259159 -176.387476
1 257 5257 4 M04264 POS 103.779574 -302.592702
1 219 5219 4 M04265 POS 177.933499 -179.795278
1 63 5063 4 M04266 POS 62.467642 -146.186001
1 184 5184 4 M04268 POS 136.589492 -198.690052
1 190 5190 4 M04274 POS 178.545462 -152.222297
1 332 5332 4 M04277 POS 116.727870 -342.454439
1 296 5296 4 M04278 POS 131.116009 -299.162435
1 431 5431 4 M04279 POS 234.093122 -265.902853
1 58 5058 4 M04280 POS 80.260187 -113.003986
1 428 5428 4 M04287 POS 213.210505 -289.167480
1 126 5126 4 M04292 POS 88.772724 -197.883798
1 318 5318 4 M04295 POS 155.203228 -285.836697
1 139 5139 4 M04298 POS 98.973494 -200.028962
1 459 5459 4 M04300 POS 279.326791 -229.545208
1 297 5297 4 M04301 POS 138.082006 -291.406790
1 315 5315 4 M04302 POS 134.373176 -309.129787
1 358 5358 4 M04305 POS 161.670323 -305.763206
1 170 5170 4 M04306 POS 133.370610 -188.765012
1 112 5112 4 M04312 POS 71.545402 -203.428447
1 71 5071 4 M04313 POS 58.687900 -163.837244
1 281 5281 4 M04314 POS 148.856535 -265.910112
1 483 5483 4 M04318 POS 188.262864 -358.265274
1 488 5488 4 M04319 POS 223.005173 -319.302738
1 456 5456 4 M04320 POS 258.285045 -252.702252
1 316 5316 4 M04321 POS 141.296205 -301.352403
1 180 5180 4 M04324 POS 108.486576 -229.802723
1 178 5178 4 M04329 POS 94.676539 -245.229018
1 224 5224 4 M04331 POS 104.322817 -274.966721
1 472 5472 4 M04333 POS 233.633647 -293.707347
1 437 5437 4 M04334 POS 276.113349 -219.499996
1 177 5177 4 M04335 POS 87.665350 -252.978597
1 357 5357 4 M04337 POS 154.755886 -313.543378
1 188 5188 4 M04345 POS 164.522103 -167.696670
1 225 5225 4 M04348 POS 111.262672 -267.168384
1 179 5179 4 M04349 POS 101.602374 -237.494070
1 210 5210 4 M04350 POS 115.040259 -249.557296
1 193 5193 4 M04351 POS 97.867206 -255.125786
1 208 5208 4 M04352 POS 101.052844 -265.042396
1 86 5086 4 M04353 POS 104.016126 -127.135795
1 413 5413 4 M04355 POS 258.855112 -225.035872
1 131 5131 4 M04356 POS 123.782985 -159.038521
1 291 5291 4 M04367 POS 218.582098 -188.546539
1 512 5512 4 M04368 POS 282.117644 -267.260361
1 280 5280 4 M04370 POS 141.864621 -273.724161
1 430 5430 4 M04371 POS 227.127086 -273.630568
1 457 5457 4 M04372 POS 265.283535 -244.982093
1 526 5526 4 M04373 POS 292.304344 -269.616939
1 169 5169 4 M04374 POS 126.372731 -196.526750
1 415 5415 4 M04383 POS 272.833830 -209.557125
1 138 5138 4 M04403 POS 91.980166 -207.796453
1 164 5164 4 M04405 POS 91.443095 -235.328100
1 447 5447 4 M04406 POS 195.585664 -322.530429
1 364 5364 4 M04413 POS 203.511233 -259.207372
1 436 5436 4 M04416 POS 269.098295 -227.243243
1 159 5159 4 M04418 POS 151.133511 -155.600533
1 299 5299 4 M04422 POS 152.025063 -275.903666
1 359 5359 4 M04423 POS 168.673676 -298.036384
1 243 5243 4 M04424 POS 121.442138 -269.329512
1 87 5087 4 M04429 POS 110.978631 -119.397916
1 269 5269 4 M04430 POS 187.478073 -209.529828
1 361 5361 4 M04434 POS 182.577992 -282.489212
1 309 5309 4 M04443 POS 221.846034 -198.431286
1 329 5329 4 M04444 POS 232.057296 -200.599898
1 175 5175 4 M04463 POS 168.327738 -150.047775
1 160 5160 4 M04473 POS 158.143448 -147.854678
1 244 5244 4 M04474 POS 128.412932 -261.594929
1 148 5148 4 M04475 POS 161.949819 -130.168183
1 163 5163 4 M04479 POS 84.469562 -243.089773
1 348 5348 4 M04480 POS 228.210826 -218.290927
1 135 5135 4 M04482 POS 151.771323 -128.059274
1 326 5326 4 M04484 POS 211.025819 -223.832216
1 287 5287 4 M04486 POS 190.687810 -219.422695
1 285 5285 4 M04487 POS 176.649367 -234.914533
1 476 5476 4 M04502 POS 261.553573 -262.726700
1 507 5507 4 M04504 POS 247.229098 -306.032580
1 473 5473 4 M04512 POS 240.606821 -285.931812
1 440 5440 4 M04514 POS 146.931784 -377.098179
1 226 5226 4 M04522 POS 118.253999 -259.456199
1 195 5195 4 M04525 POS 111.806909 -239.644454
1 242 5242 4 M04535 POS 114.467485 -277.119434
1 266 5266 4 M04537 POS 166.505836 -232.746262
1 108 5108 4 M04541 POS 117.388382 -139.173647
1 74 5074 4 M04545 POS 79.753707 -140.586499
1 103 5103 4 M04574 POS 82.293220 -178.068694
1 262 5262 4 M04589 POS 138.662769 -263.763964
1 101 5101 4 M04594 POS 68.351871 -193.546709
1 158 5158 4 M04629 POS 144.152360 -163.358776
1 54 5054 4 M04631 POS 52.294587 -144.008879
1 278 5278 4 M04636 POS 127.906695 -289.263430
1 152 5152 4 M04649 POS 102.177738 -209.965694
1 308 5308 4 M04650 POS 214.824171 -206.161500
1 355 5355 4 M04658 POS 140.844319 -329.081818
1 203 5203 4 M04670 POS 167.711769 -177.640333
1 349 5349 4 M04703 POS 235.216602 -210.550412
1 196 5196 4 M04708 POS 118.814100 -231.914151
1 212 5212 4 M04709 POS 128.978630 -234.032331
1 288 5288 4 M04711 POS 197.673501 -211.714833
1 505 5505 4 M04715 POS 233.295872 -321.563742
1 119 5119 4 M04716 POS 120.634116 -149.091239
1 123 5123 4 M04720 POS 148.531035 -118.142481
1 66 5066 4 M04741 POS 83.478387 -122.899423
1 120 5120 4 M04751 POS 127.574489 -141.357819
1 107 5107 4 M04752 POS 110.373879 -146.950828
1 118 5118 4 M04754 POS 113.545675 -156.852337
1 171 5171 4 M04767 POS 140.361141 -181.013533
1 29 5029 4 M04780 POS 60.394335 -81.173226
1 363 5363 4 M04782 POS 196.541135 -266.947977
1 411 5411 4 M04785 POS 244.876612 -240.421416
1 229 5229 4 M04786 POS 139.144965 -236.165906
1 161 5161 4 M04791 POS 165.105179 -140.118877
1 452 5452 4 M04806 POS 230.396279 -283.689132
1 390 5390 4 M04808 POS 241.608269 -230.498021
1 232 5232 4 M04813 POS 160.059586 -212.912571
1 455 5455 4 M04820 POS 251.286178 -260.451634
1 475 5475 4 M04821 POS 254.579687 -270.456684
1 491 5491 4 M04822 POS 243.922221 -296.006410
1 240 5240 4 M04823 POS 100.551083 -292.657098
1 320 5320 4 M04824 POS 169.171556 -270.316201
1 272 5272 4 M04826 POS 208.488640 -186.345501
1 241 5241 4 M04827 POS 107.508053 -284.891300
1 294 5294 4 M04828 POS 117.246952 -314.736943
1 443 5443 4 M04830 POS 167.798497 -353.698181
1 486 5486 4 M04831 POS 209.102525 -334.825623
1 149 5149 4 M04834 POS 81.236992 -233.220704
1 406 5406 4 M04838 POS 209.989035 -279.162988
1 335 5335 4 M04845 POS 137.625942 -319.046689
1 80 5080 4 M04854 POS 61.912810 -173.798953
1 124 5124 4 M04856 POS 74.796476 -213.379588
1 279 5279 4 M04859 POS 134.877565 -281.496376
1 511 5511 4 M04860 POS 275.059298 -275.005569
1 382 5382 4 M04861 POS 185.853641 -292.460048
1 381 5381 4 M04862 POS 178.828597 -300.253485
1 300 5300 4 M04863 POS 158.975290 -268.141491
1 402 5402 4 M04864 POS 182.144565 -310.247905
1 270 5270 4 M04866 POS 194.526124 -201.749308
1 450 5450 4 M04867 POS 216.458802 -299.247201
1 494 5494 4 M04872 POS 264.789736 -272.722789
1 495 5495 4 M04874 POS 271.816533 -264.978204
1 429 5429 4 M04891 POS 220.109863 -281.426710
1 465 5465 4 M04895 POS 184.963406 -348.137479
1 523 5523 4 M04905 POS 271.386548 -292.855280
1 524 5524 4 M04907 POS 278.331655 -285.102645
1 60 5060 4 M04918 POS 94.318336 -97.381235
1 369 5369 4 M04923 POS 238.406061 -220.539932
1 53 5053 4 M04930 POS 98.089386 -79.769895
1 194 5194 4 M04933 POS 104.812869 -247.395604
1 146 5146 4 M04935 POS 147.986413 -145.660066
1 435 5435 4 M04939 POS 262.071751 -234.944863
1 386 5386 4 M04940 POS 213.690912 -261.410206
1 391 5391 4 M04942 POS 248.632794 -222.773572
1 385 5385 4 M04943 POS 206.685105 -269.195756
1 485 5485 4 M04950 POS 202.157861 -342.666366
1 453 5453 4 M04954 POS 237.344049 -275.909933
1 409 5409 4 M04957 POS 230.905829 -255.925083
1 261 5261 4 M04958 POS 131.680840 -271.514234
1 227 5227 4 M04971 POS 125.202090 -251.709885
1 445 5445 4 M04975 POS 181.709101 -338.094843
1 372 5372 4 M04976 POS 259.430146 -197.313376
1 343 5343 4 M04977 POS 193.260568 -256.998944
1 202 5202 4 M04983 POS 160.740538 -185.343819
1 168 5168 4 M04984 POS 119.385508 -204.280890
1 366 5366 4 M04999 POS 217.445465 -243.716650
1 228 5228 4 M05000 POS 132.209919 -243.916019
1 115 5115 4 M05004 POS 92.512750 -180.229781
1 504 5504 4 M05006 POS 226.331949 -329.345965
1 247 5247 4 M05009 POS 149.355674 -238.337100
1 490 5490 4 M05027 POS 236.937273 -303.778791
1 307 5307 4 M05069 POS 207.822476 -213.919999
1 282 5282 4 M05074 POS 155.834719 -258.189991
1 264 5264 4 M05077 POS 152.523528 -248.235936
1 306 5306 4 M05083 POS 200.837951 -221.646535
1 446 5446 4 M05084 POS 188.645837 -330.265885
1 448 5448 4 M05089 POS 202.543289 -314.743040
1 399 5399 4 M05090 POS 161.234866 -333.544611
1 56 5056 4 M05092 POS 66.296756 -128.506441
1 423 5423 4 M05122 POS 178.436285 -328.007093
1 503 5503 4 M05123 POS 219.339535 -337.149429
1 189 5189 4 M05196 POS 171.566468 -159.968903
1 424 5424 4 M05209 POS 185.381991 -320.222817
1 221 5221 4 M05211 POS 191.879434 -164.338224
1 314 5314 4 M05216 POS 127.415847 -316.927397
1 214 5214 4 M05217 POS 142.976298 -218.535779
1 462 5462 4 M05219 POS 164.128445 -371.582368
1 340 5340 4 M05222 POS 172.357282 -280.278071
1 375 5375 4 M05236 POS 137.122265 -346.871995
1 407 5407 4 M05238 POS 216.960215 -271.394676
1 471 5471 4 M05239 POS 226.705821 -301.488897
1 211 5211 4 M05245 POS 122.016651 -241.789725
1 425 5425 4 M05253 POS 192.319464 -312.480393
1 376 5376 4 M05254 POS 144.118119 -339.075816
1 334 5334 4 M05262 POS 130.633851 -326.907286
1 267 5267 4 M05265 POS 173.461266 -225.003731
1 325 5325 4 M05266 POS 204.024758 -231.599340
1 122 5122 4 M05268 POS 141.499664 -125.867235
1 351 5351 4 M05269 POS 249.260703 -195.117481
1 134 5134 4 M05270 POS 144.753999 -135.783667
1 268 5268 4 M05278 POS 180.514080 -217.267415
1 449 5449 4 M05279 POS 209.505027 -306.988598
1 463 5463 4 M05285 POS 171.080206 -363.757915
1 289 5289 4 M05288 POS 204.626646 -203.973769
1 141 5141 4 M05348 POS 112.924599 -184.466809
1 360 5360 4 M05350 POS 175.603201 -290.264206
1 302 5302 4 M05352 POS 172.911189 -252.571113
1 197 5197 4 M05354 POS 125.828827 -224.092121
1 97 5097 4 M05360 POS 114.204742 -129.307248
1 283 5283 4 M05365 POS 162.717554 -250.424824
1 275 5275 4 M05394 POS 107.038444 -312.562992
1 404 5404 4 M05395 POS 196.062160 -294.690516
1 383 5383 4 M05396 POS 192.779853 -284.703666
1 293 5293 4 M05397 POS 110.303375 -322.470842
1 273 5273 4 M05398 POS 215.457365 -178.597731
1 342 5342 4 M05399 POS 186.311292 -264.756403
1 198 5198 4 M05401 POS 132.762096 -216.368479
1 405 5405 4 M05424 POS 203.007463 -286.936806
1 427 5427 4 M05425 POS 206.251080 -296.927896
1 91 5091 4 M05430 POS 72.131770 -175.928553
1 250 5250 4 M05431 POS 170.321421 -215.066370
1 371 5371 4 M05432 POS 252.401278 -205.052260
1 492 5492 4 M05433 POS 250.849058 -288.239590
1 387 5387 4 M05437 POS 220.650412 -253.680234
1 230 5230 4 M05444 POS 146.142992 -228.414788
1 72 5072 4 M05445 POS 65.742005 -156.135759
1 319 5319 4 M05447 POS 162.179574 -278.086481
1 185 5185 4 M05458 POS 143.552742 -190.925081
1 96 5096 4 M05466 POS 107.141417 -137.031855
1 77 5077 4 M05468 POS 100.826440 -117.214362
1 301 5301 4 M05501 POS 165.928098 -260.364381
1 209 5209 4 M05520 POS 108.043070 -257.328485
1 304 5304 4 M05521 POS 186.879710 -237.098409
1 95 5095 4 M05525 POS 100.124986 -144.835518
1 248 5248 4 M05531 POS 156.322874 -230.570810
1 147 5147 4 M05533 POS 154.975440 -137.943645
1 200 5200 4 M05535 POS 146.763473 -200.813778
1 231 5231 4 M05538 POS 153.142093 -220.667612
1 501 5501 260 M03156 ETC 205.488509 -352.775712
1 461 5461 260 M04133 ETC 157.232391 -379.444760
2 482 6482 8 P001 FIF 361.652727 -189.563412
2 239 6239 8 P009 FIF 262.102656 -5.472706
2 496 6496 8 P064 FIF 376.538598 -44.289337
2 11 6011 8 P065 FIF 62.544344 -5.560840
2 75 6075 8 P084 FIF 148.108840 -56.540226
2 321 6321 8 P089 FIF 297.056272 -108.726114
2 534 6534 8 P110 FIF 401.434416 -73.356543
2 150 6150 8 P112 FIF 203.921597 -130.295523
2 517 6517 8 P120 FIF 385.504787 -139.659493
2 439 6439 8 P129 FIF 339.734341 -228.777732
2 542 6542 136 P075 GIF 408.045625 -46.129312
2 541 6541 136 P111 GIF 361.187984 -5.858244
2 138 6138 4 M00282 POS 196.492573 -113.965377
2 180 6180 4 M00284 POS 222.858961 -121.986854
2 124 6124 4 M01023 POS 185.917249 -128.618876
2 520 6520 4 M01077 POS 388.409202 -108.575397
2 159 6159 4 M01255 POS 213.794535 -36.977283
2 338 6338 4 M01282 POS 302.038544 -146.135531
2 197 6197 4 M01325 POS 233.432276 -107.363162
2 266 6266 4 M01383 POS 271.520061 -90.380799
2 136 6136 4 M01471 POS 194.310424 -134.742298
2 213 6213 4 M01476 POS 242.965073 -103.088404
2 209 6209 4 M01702 POS 238.615643 -144.622104
2 229 6229 4 M01712 POS 251.354778 -109.226875
2 101 6101 4 M01814 POS 169.028120 -116.366826
2 381 6381 4 M02011 POS 321.134058 -137.777612
2 196 6196 4 M02021 POS 232.366709 -117.768782
2 163 6163 4 M02054 POS 211.176095 -146.966254
2 249 6249 4 M02056 POS 263.122645 -84.224106
2 403 6403 4 M02192 POS 330.721635 -133.539912
2 371 6371 4 M02239 POS 324.730487 -17.524601
2 264 6264 4 M02240 POS 269.303748 -111.138664
2 284 6284 4 M02250 POS 279.898443 -96.561387
2 518 6518 4 M02268 POS 386.328622 -129.320560
2 370 6370 4 M02269 POS 323.593235 -27.922647
2 382 6382 4 M02284 POS 322.244187 -127.412546
2 152 6152 4 M02341 POS 206.040360 -109.735550
2 222 6222 4 M02367 POS 252.898694 -9.740094
2 350 6350 4 M02381 POS 315.176599 -21.633770
2 361 6361 4 M02393 POS 313.725516 -121.167321
2 140 6140 4 M02408 POS 198.694987 -93.214640
2 282 6282 4 M02422 POS 277.760610 -117.285199
2 139 6139 4 M02435 POS 197.588073 -103.630720
2 437 6437 4 M02440 POS 352.336329 -15.294473
2 366 6366 4 M02449 POS 319.130037 -69.330773
2 470 6470 4 M02460 POS 359.506721 -121.025114
2 247 6247 4 M02461 POS 260.927013 -104.971220
2 488 6488 4 M02470 POS 368.063686 -127.236639
2 435 6435 4 M02499 POS 350.170897 -36.029682
2 436 6436 4 M02501 POS 351.322996 -25.594044
2 392 6392 4 M02515 POS 333.164722 -23.715198
2 230 6230 4 M02549 POS 252.450668 -98.817854
2 519 6519 4 M02576 POS 387.377148 -118.908165
2 195 6195 4 M02584 POS 231.355941 -128.126232
2 397 6397 4 M02586 POS 324.394126 -195.799888
2 164 6164 4 M02588 POS 212.285729 -136.589887
2 265 6265 4 M02599 POS 270.402697 -100.759452
2 487 6487 4 M02647 POS 366.986138 -137.578684
2 356 6356 4 M02655 POS 308.376353 -173.054376
2 257 6257 4 M02669 POS 261.806831 -183.781990
2 211 6211 4 M02706 POS 240.789799 -123.853027
2 112 6112 4 M02730 POS 177.498208 -122.454674
2 182 6182 4 M02739 POS 225.030510 -101.251803
2 228 6228 4 M02760 POS 250.279697 -119.574727
2 181 6181 4 M02762 POS 224.014459 -111.591305
2 281 6281 4 M02763 POS 276.707274 -127.665158
2 294 6294 4 M02764 POS 279.803908 -185.677239
2 309 6309 4 M02765 POS 296.103194 -30.113088
2 125 6125 4 M02766 POS 187.000688 -118.248645
2 226 6226 4 M02789 POS 248.086761 -140.345759
2 415 6415 4 M02808 POS 343.880043 -9.125461
2 246 6246 4 M02855 POS 259.826822 -115.407165
2 369 6369 4 M02865 POS 322.510795 -38.199930
2 151 6151 4 M02868 POS 204.981308 -120.108751
2 179 6179 4 M02890 POS 221.765427 -132.362259
2 462 6462 4 M02900 POS 351.159048 -204.100193
2 355 6355 4 M02903 POS 307.347158 -183.383664
2 168 6168 4 M02911 POS 216.623236 -95.034852
2 467 6467 4 M02925 POS 356.279034 -152.117400
2 485 6485 4 M02940 POS 364.888672 -158.342329
2 320 6320 4 M02978 POS 295.788700 -119.209414
2 376 6376 4 M02979 POS 315.837418 -189.584529
2 224 6224 4 M02984 POS 245.922129 -161.079535
2 225 6225 4 M02987 POS 247.021911 -150.727781
2 402 6402 4 M02988 POS 329.664269 -143.934134
2 380 6380 4 M02999 POS 320.061797 -148.136023
2 194 6194 4 M03000 POS 230.179482 -138.496974
2 322 6322 4 M03004 POS 297.836957 -98.513941
2 503 6503 4 M03013 POS 375.562148 -143.798324
2 522 6522 4 M03017 POS 390.567108 -87.810264
2 469 6469 4 M03037 POS 358.422231 -131.417193
2 212 6212 4 M03038 POS 241.829859 -113.490733
2 263 6263 4 M03046 POS 268.255203 -121.490977
2 210 6210 4 M03067 POS 239.683156 -134.235198
2 242 6242 4 M03076 POS 255.466885 -156.931186
2 329 6329 4 M03097 POS 305.667668 -25.932200
2 411 6411 4 M03113 POS 339.394608 -50.583257
2 261 6261 4 M03120 POS 266.074808 -142.263332
2 360 6360 4 M03122 POS 312.683769 -131.539199
2 335 6335 4 M03136 POS 298.852065 -177.273528
2 507 6507 4 M03144 POS 379.828030 -102.296154
2 208 6208 4 M03151 POS 237.495145 -154.944022
2 505 6505 4 M03152 POS 377.698987 -123.018306
2 395 6395 4 M03173 POS 322.289969 -216.585216
2 349 6349 4 M03201 POS 314.092880 -32.075621
2 193 6193 4 M03203 POS 229.054329 -148.863345
2 448 6448 4 M03205 POS 348.805387 -135.578643
2 449 6449 4 M03223 POS 349.884939 -125.207557
2 244 6244 4 M03228 POS 257.647262 -136.136351
2 275 6275 4 M03229 POS 270.254807 -189.933222
2 489 6489 4 M03243 POS 369.143133 -116.819692
2 447 6447 4 M03292 POS 347.717697 -145.940796
2 412 6412 4 M03312 POS 340.506961 -40.200692
2 177 6177 4 M03313 POS 219.654993 -153.114191
2 149 6149 4 M03315 POS 202.735366 -140.900672
2 434 6434 4 M03323 POS 349.016723 -46.371371
2 293 6293 4 M03338 POS 278.690920 -196.075231
2 330 6330 4 M03358 POS 306.748115 -15.519378
2 178 6178 4 M03363 POS 220.678573 -142.748565
2 390 6390 4 M03375 POS 330.980686 -44.427964
2 258 6258 4 M03387 POS 262.816485 -173.405942
2 243 6243 4 M03391 POS 256.563483 -146.516079
2 227 6227 4 M03392 POS 249.195358 -129.979716
2 167 6167 4 M03395 POS 215.503504 -105.515897
2 413 6413 4 M03414 POS 341.678852 -29.844309
2 432 6432 4 M03416 POS 346.728073 -67.075061
2 276 6276 4 M03432 POS 271.289925 -179.552094
2 398 6398 4 M03438 POS 325.446020 -185.413047
2 391 6391 4 M03548 POS 332.069472 -34.063662
2 468 6468 4 M03604 POS 357.346415 -141.740493
2 486 6486 4 M03646 POS 365.895529 -148.001711
2 521 6521 4 M03944 POS 389.506818 -98.168319
2 504 6504 4 M04047 POS 376.634073 -133.435436
2 419 6419 4 M04286 POS 332.955525 -201.988328
2 506 6506 4 M04328 POS 378.763249 -112.632887
2 490 6490 4 M04528 POS 370.176382 -106.474807
2 492 6492 4 M04606 POS 372.312432 -85.725093
2 409 6409 4 M04607 POS 337.182630 -71.333825
2 184 6184 4 M04608 POS 227.265223 -80.379892
2 185 6185 4 M04609 POS 228.374684 -70.011031
2 156 6156 4 M04610 POS 210.341939 -68.136491
2 425 6425 4 M04611 POS 339.211802 -139.730364
2 200 6200 4 M04626 POS 236.751209 -76.170494
2 410 6410 4 M04717 POS 338.303062 -60.888891
2 278 6278 4 M04798 POS 273.473056 -158.806650
2 295 6295 4 M04799 POS 280.860246 -175.370505
2 315 6315 4 M04802 POS 290.383444 -171.122737
2 502 6502 4 M04903 POS 374.525361 -154.207836
2 359 6359 4 M05008 POS 311.612239 -141.946270
2 314 6314 4 M05010 POS 289.309519 -181.484270
2 339 6339 4 M05014 POS 303.098004 -135.789019
2 377 6377 4 M05026 POS 316.858471 -179.196650
2 260 6260 4 M05041 POS 265.021904 -152.640930
2 441 6441 4 M05060 POS 341.535355 -208.283560
2 509 6509 4 M05309 POS 381.952639 -81.510633
2 442 6442 4 M05339 POS 342.590812 -197.873099
2 74 6074 4 M05340 POS 147.074762 -66.843058
2 334 6334 4 M05341 POS 297.792592 -187.632319
2 347 6347 4 M05357 POS 311.838068 -52.826496
2 420 6420 4 M05358 POS 333.943513 -191.608260
2 92 6092 4 M05418 POS 162.803571 -89.508588
2 271 6271 4 M05539 POS 277.056132 -38.576841
2 241 6241 4 M05544 POS 254.433192 -167.219483
2 296 6296 4 M05545 POS 281.918779 -164.944299
2 259 6259 4 M05546 POS 263.920420 -163.011162
2 277 6277 4 M05547 POS 272.419030 -169.208200
2 353 6353 4 M05548 POS 305.244742 -204.198474
2 332 6332 4 M05555 POS 295.682209 -208.378892
2 416 6416 4 M05556 POS 329.936431 -233.236892
2 312 6312 4 M05557 POS 287.252331 -202.253969
2 352 6352 4 M05558 POS 304.195301 -214.575910
2 418 6418 4 M05561 POS 331.910255 -212.437711
2 375 6375 4 M05562 POS 314.821213 -200.013262
2 396 6396 4 M05563 POS 323.357746 -206.191715
2 373 6373 4 M05564 POS 312.727311 -220.760280
2 446 6446 4 M05565 POS 346.697561 -156.310729
2 466 6466 4 M05566 POS 355.260472 -162.506213
2 354 6354 4 M05567 POS 306.273287 -193.812816
2 374 6374 4 M05568 POS 313.749768 -210.388966
2 240 6240 4 M05569 POS 253.340825 -177.660653
2 474 6474 4 M05570 POS 363.753550 -79.548431
2 440 6440 4 M05571 POS 340.537777 -218.716259
2 223 6223 4 M05572 POS 244.895132 -171.430448
2 484 6484 4 M05575 POS 363.887288 -168.722063
2 313 6313 4 M05576 POS 288.276057 -191.898002
2 417 6417 4 M05577 POS 330.892204 -222.811814
2 333 6333 4 M05578 POS 296.733788 -198.028065
2 431 6431 4 M05579 POS 345.616190 -77.505993
2 508 6508 4 M05580 POS 380.912377 -91.892506
2 299 6299 4 M05584 POS 285.115653 -133.847241
2 318 6318 4 M05586 POS 293.614288 -139.988373
2 483 6483 4 M05587 POS 362.833805 -179.185877
2 300 6300 4 M05589 POS 286.186927 -123.478492
2 453 6453 4 M05591 POS 354.162969 -83.719601
2 319 6319 4 M05592 POS 294.650859 -129.623458
2 465 6465 4 M05593 POS 354.236798 -172.909235
2 454 6454 4 M05594 POS 355.270123 -73.299553
2 424 6424 4 M05595 POS 338.161737 -150.082487
2 357 6357 4 M05596 POS 309.402634 -162.693107
2 250 6250 4 M05597 POS 264.207689 -73.883879
2 303 6303 4 M05598 POS 289.414921 -92.345956
2 267 6267 4 M05599 POS 272.603310 -80.020410
2 268 6268 4 M05600 POS 273.730748 -69.607669
2 427 6427 4 M05601 POS 341.346968 -118.954687
2 304 6304 4 M05603 POS 290.489215 -81.979919
2 401 6401 4 M05604 POS 328.536354 -154.283456
2 423 6423 4 M05605 POS 337.119790 -160.468514
2 379 6379 4 M05606 POS 319.003042 -158.483582
2 280 6280 4 M05608 POS 275.610135 -138.062927
2 298 6298 4 M05609 POS 283.981238 -144.203168
2 317 6317 4 M05610 POS 292.489608 -150.385156
2 336 6336 4 M05611 POS 299.883845 -166.912993
2 337 6337 4 M05612 POS 300.943737 -156.557261
2 279 6279 4 M05613 POS 274.506635 -148.436243
2 316 6316 4 M05614 POS 291.426912 -160.681396
2 297 6297 4 M05615 POS 282.926759 -154.559193
2 346 6346 4 M05618 POS 310.722896 -63.169665
2 248 6248 4 M05619 POS 261.961937 -94.633581
2 215 6215 4 M05620 POS 245.152114 -82.342651
2 262 6262 4 M05621 POS 267.126648 -131.885206
2 283 6283 4 M05622 POS 278.864075 -106.925193
2 301 6301 4 M05623 POS 287.258349 -113.087404
2 245 6245 4 M05625 POS 258.738834 -125.759606
2 302 6302 4 M05626 POS 288.381104 -102.669753
2 147 6147 4 M05628 POS 206.462422 -20.441353
2 170 6170 4 M05631 POS 218.824234 -74.229941
2 232 6232 4 M05632 POS 254.640418 -78.114893
2 171 6171 4 M05633 POS 219.925322 -63.906776
2 231 6231 4 M05634 POS 253.531411 -88.489984
2 344 6344 4 M05635 POS 308.542363 -83.913603
2 39 6039 4 M05636 POS 110.064374 -73.511200
2 324 6324 4 M05637 POS 300.054977 -77.789931
2 32 6032 4 M05645 POS 101.693846 -67.407076
2 102 6102 4 M05658 POS 170.161563 -106.002943
2 54 6054 4 M05659 POS 126.920115 -85.747204
2 103 6103 4 M05661 POS 171.287747 -95.751488
2 114 6114 4 M05662 POS 179.684999 -101.719836
2 55 6055 4 M05664 POS 128.002367 -75.386227
2 358 6358 4 M05665 POS 310.499373 -152.291018
2 146 6146 4 M05666 POS 205.338768 -30.873952
2 134 6134 4 M05667 POS 196.888879 -24.724705
2 122 6122 4 M05668 POS 188.461267 -18.615368
2 21 6021 4 M05670 POS 84.787533 -55.148002
2 49 6049 4 M05671 POS 121.914858 -48.479242
2 42 6042 4 M05672 POS 113.439701 -42.323140
2 160 6160 4 M05673 POS 214.843505 -26.703924
2 47 6047 4 M05674 POS 119.612839 -69.282470
2 145 6145 4 M05675 POS 204.192615 -41.249506
2 72 6072 4 M05676 POS 144.856854 -87.635688
2 81 6081 4 M05677 POS 153.319412 -93.732934
2 91 6091 4 M05678 POS 161.734506 -99.853811
2 26 6026 4 M05680 POS 93.211664 -61.267566
2 175 6175 4 M05681 POS 224.379427 -22.435341
2 56 6056 4 M05682 POS 129.200115 -64.918519
2 22 6022 4 M05683 POS 85.866138 -44.772789
2 66 6066 4 M05684 POS 139.843592 -50.325772
2 63 6063 4 M05685 POS 136.461515 -81.539993
2 0 6000 4 M05794 POS 25.907555 -12.312220
2 1 6001 4 M05800 POS 34.327698 -18.433876
2 3 6003 4 M05801 POS 42.751201 -24.538701
2 5 6005 4 M05802 POS 51.138254 -30.671192
2 119 6119 4 M05803 POS 185.182310 -49.643419
2 173 6173 4 M05804 POS 222.179410 -43.128274
2 108 6108 4 M05805 POS 176.774278 -43.550237
2 9 6009 4 M05806 POS 60.666217 -26.330718
2 13 6013 4 M05807 POS 69.057202 -32.535788
2 6 6006 4 M05808 POS 52.254591 -20.300169
2 17 6017 4 M05809 POS 77.481380 -38.595545
2 115 6115 4 M05810 POS 180.762463 -91.392670
2 73 6073 4 M05812 POS 146.021505 -77.209990
2 205 6205 4 M05822 POS 242.321828 -24.319627
2 8 6008 4 M05824 POS 59.521306 -36.767042
2 12 6012 4 M05825 POS 67.996093 -42.905825
2 176 6176 4 M05834 POS 225.460874 -12.037070
2 117 6117 4 M05835 POS 183.004342 -70.519200
2 142 6142 4 M05836 POS 200.873014 -72.349516
2 44 6044 4 M05838 POS 115.561578 -21.564057
2 51 6051 4 M05839 POS 124.014850 -27.706566
2 76 6076 4 M05840 POS 149.307336 -46.023883
2 286 6286 4 M05944 POS 282.085278 -75.834522
2 493 6493 4 M05945 POS 373.389375 -75.330599
2 323 6323 4 M05946 POS 298.942870 -88.115641
2 363 6363 4 M05948 POS 315.902688 -100.422272
2 471 6471 4 M05949 POS 360.563744 -110.616684
2 406 6406 4 M05950 POS 333.952879 -102.435567
2 364 6364 4 M05951 POS 316.954560 -90.117160
2 405 6405 4 M05952 POS 332.877495 -112.777170
2 426 6426 4 M05953 POS 340.294166 -129.319883
2 475 6475 4 M05954 POS 364.846843 -69.208046
2 404 6404 4 M05955 POS 331.793428 -123.148210
2 394 6394 4 M05961 POS 321.467354 -226.804942
2 340 6340 4 M05962 POS 304.207438 -125.405129
2 285 6285 4 M05963 POS 281.003268 -86.157701
2 341 6341 4 M05967 POS 305.278808 -115.014615
2 384 6384 4 M05968 POS 324.351468 -106.688725
2 362 6362 4 M05969 POS 314.817929 -110.789655
2 342 6342 4 M05970 POS 306.334395 -104.666677
2 383 6383 4 M05971 POS 323.287050 -116.995295
2 36 6036 4 M06059 POS 106.104080 -25.893788
2 458 6458 4 M06091 POS 359.740443 -31.896086
2 95 6095 4 M06181 POS 166.150242 -58.267400
2 292 6292 4 M06182 POS 288.839713 -13.561652
2 148 6148 4 M06183 POS 207.508660 -10.134362
2 123 6123 4 M06184 POS 189.647890 -8.238349
2 135 6135 4 M06185 POS 198.053923 -14.371267
2 311 6311 4 M06186 POS 298.322491 -9.407097
2 428 6428 4 M06205 POS 342.394650 -108.615443
2 450 6450 4 M06206 POS 350.936090 -114.832121
2 429 6429 4 M06207 POS 343.473620 -98.217921
2 385 6385 4 M06208 POS 325.423008 -96.274272
2 451 6451 4 M06209 POS 352.028062 -104.459672
2 343 6343 4 M06210 POS 307.467459 -94.265920
2 61 6061 4 M06213 POS 134.711799 -12.920925
2 154 6154 4 M06215 POS 208.194365 -88.916853
2 289 6289 4 M06216 POS 285.463875 -44.706020
2 459 6459 4 M06219 POS 360.882200 -21.474696
2 155 6155 4 M06220 POS 209.315653 -78.533257
2 476 6476 4 M06264 POS 365.996674 -58.807455
2 207 6207 4 M06265 POS 236.405260 -165.347504
2 372 6372 4 M06270 POS 325.870178 -7.122385
2 348 6348 4 M06271 POS 312.946237 -42.432398
2 126 6126 4 M06272 POS 188.072991 -107.883557
2 393 6393 4 M06274 POS 334.353709 -13.252764
2 524 6524 4 M06275 POS 392.717502 -67.055080
2 477 6477 4 M06276 POS 367.125871 -48.386744
2 137 6137 4 M06278 POS 195.411173 -124.331959
2 414 6414 4 M06279 POS 342.742408 -19.465451
2 368 6368 4 M06280 POS 321.423628 -48.629130
2 113 6113 4 M06281 POS 178.558784 -112.128325
2 165 6165 4 M06282 POS 213.367524 -126.205350
2 106 6106 4 M06284 POS 174.545764 -64.403318
2 84 6084 4 M06285 POS 156.614999 -62.626468
2 274 6274 4 M06294 POS 280.423929 -7.414806
2 273 6273 4 M06295 POS 279.328359 -17.852660
2 94 6094 4 M06296 POS 165.014445 -68.722077
2 189 6189 4 M06297 POS 232.822870 -28.514792
2 161 6161 4 M06298 POS 215.962265 -16.271093
2 256 6256 4 M06299 POS 270.847339 -11.659092
2 452 6452 4 M06342 POS 353.101810 -94.048788
2 365 6365 4 M06345 POS 318.109197 -79.662651
2 387 6387 4 M06348 POS 327.621175 -75.539168
2 386 6386 4 M06349 POS 326.541525 -85.850041
2 430 6430 4 M06350 POS 344.540854 -87.873778
2 472 6472 4 M06352 POS 361.631467 -100.243213
2 408 6408 4 M06353 POS 336.077335 -81.707332
2 407 6407 4 M06354 POS 335.011596 -92.022918
2 473 6473 4 M06355 POS 362.663846 -89.918549
2 491 6491 4 M06356 POS 371.252615 -96.080121
2 389 6389 4 M06408 POS 329.833169 -54.748247
2 326 6326 4 M06409 POS 302.281385 -57.059369
2 308 6308 4 M06410 POS 294.988857 -40.541230
2 327 6327 4 M06411 POS 303.403556 -46.649370
2 367 6367 4 M06412 POS 320.253661 -58.921411
2 388 6388 4 M06413 POS 328.703800 -65.170939
2 307 6307 4 M06414 POS 293.870282 -50.822777
2 183 6183 4 M06418 POS 226.146264 -90.801712
2 526 6526 4 M06450 POS 394.945548 -46.289478
2 494 6494 4 M06456 POS 374.473672 -64.980978
2 192 6192 4 M06457 POS 227.990122 -159.201158
2 455 6455 4 M06458 POS 356.339487 -63.015974
2 512 6512 4 M06459 POS 385.275230 -50.417574
2 523 6523 4 M06460 POS 391.622935 -77.422373
2 510 6510 4 M06461 POS 383.029658 -71.170821
2 511 6511 4 M06468 POS 384.125725 -60.773313
2 20 6020 4 M06489 POS 80.763305 -7.490712
2 525 6525 4 M06492 POS 393.796153 -56.656912
2 433 6433 4 M06493 POS 347.836699 -56.751917
2 351 6351 4 M06496 POS 316.315473 -11.303390
2 15 6015 4 M06503 POS 71.255703 -11.715803
2 30 6030 4 M06508 POS 97.653140 -19.729354
2 25 6025 4 M06509 POS 89.199309 -13.625088
2 87 6087 4 M06584 POS 159.967476 -31.278310
2 214 6214 4 M06694 POS 244.054042 -92.672425
2 198 6198 4 M06695 POS 234.547505 -96.968470
2 169 6169 4 M06696 POS 217.680515 -84.691855
2 141 6141 4 M06697 POS 199.811799 -82.829907
2 328 6328 4 M06698 POS 304.528869 -36.275772
2 199 6199 4 M06699 POS 235.597314 -86.563630
2 444 6444 4 M06700 POS 344.619953 -177.085523
2 422 6422 4 M06701 POS 336.019065 -170.847377
2 400 6400 4 M06702 POS 327.547190 -164.644199
2 445 6445 4 M06703 POS 345.653888 -166.729045
2 464 6464 4 M06704 POS 353.195463 -183.339242
2 288 6288 4 M06714 POS 284.355311 -55.034607
2 325 6325 4 M06715 POS 301.153404 -67.414077
2 345 6345 4 M06716 POS 309.627057 -73.524612
2 269 6269 4 M06717 POS 274.801929 -59.270470
2 287 6287 4 M06718 POS 283.222816 -65.417374
2 127 6127 4 M06719 POS 189.216302 -97.489949
2 166 6166 4 M06720 POS 214.425836 -115.838108
2 153 6153 4 M06722 POS 207.161160 -99.340225
2 306 6306 4 M06723 POS 292.758506 -61.234264
2 378 6378 4 M06744 POS 317.949173 -168.811730
2 399 6399 4 M06745 POS 326.474560 -175.044501
2 421 6421 4 M06746 POS 335.025623 -181.179978
2 443 6443 4 M06747 POS 343.576819 -187.471775
2 305 6305 4 M06748 POS 291.602282 -71.599004
2 463 6463 4 M06749 POS 352.189223 -193.674136
2 457 6457 4 M06770 POS 358.591017 -42.214075
2 48 6048 4 M06772 POS 120.792345 -58.868005
2 2 6002 4 M06773 POS 35.444758 -8.019860
2 23 6023 4 M06774 POS 87.003002 -34.329437
2 27 6027 4 M06803 POS 94.316838 -50.879694
2 4 6004 4 M06804 POS 43.849104 -14.191168
2 456 6456 4 M06808 POS 357.468413 -52.621413
2 495 6495 4 M06809 POS 375.631644 -54.597898
2 19 6019 4 M06811 POS 79.701659 -17.878607
2 46 6046 4 M06812 POS 118.546759 -79.652121
2 14 6014 4 M06813 POS 70.167227 -22.115333
2 18 6018 4 M06814 POS 78.593735 -28.198525
2 50 6050 4 M06867 POS 122.941495 -38.077229
2 41 6041 4 M06868 POS 112.323383 -52.719692
2 116 6116 4 M06870 POS 181.854109 -81.047671
2 10 6010 4 M06894 POS 61.806119 -16.043619
2 219 6219 4 M06899 POS 249.581672 -40.851274
2 203 6203 4 M06900 POS 240.051666 -45.055976
2 235 6235 4 M06901 POS 257.975680 -47.020546
2 105 6105 4 M06902 POS 173.456344 -74.874353
2 85 6085 4 M06903 POS 157.719790 -52.190512
2 7 6007 4 M06904 POS 53.403741 -9.903029
2 29 6029 4 M06906 POS 96.594480 -30.147371
2 270 6270 4 M06908 POS 275.970238 -48.904604
2 188 6188 4 M06909 POS 231.674290 -38.918230
2 252 6252 4 M06910 POS 266.413377 -53.093827
2 220 6220 4 M06911 POS 250.715226 -30.467018
2 204 6204 4 M06912 POS 241.183063 -34.685070
2 251 6251 4 M06913 POS 265.351337 -63.465722
2 234 6234 4 M06914 POS 256.854880 -57.349820
2 58 6058 4 M06935 POS 131.361496 -44.171653
2 57 6057 4 M06936 POS 130.302546 -54.579033
2 28 6028 4 M06937 POS 95.432580 -40.467497
2 34 6034 4 M06939 POS 103.900266 -46.613776
2 65 6065 4 M06940 POS 138.724774 -60.713647
2 43 6043 4 M06941 POS 114.454313 -31.937056
2 16 6016 4 M06942 POS 76.329544 -48.993343
2 129 6129 4 M07019 POS 191.404595 -76.684635
2 35 6035 4 M07020 POS 104.964925 -36.291122
2 31 6031 4 M07021 POS 98.782826 -9.244590
2 24 6024 4 M07022 POS 88.130220 -24.030697
2 143 6143 4 M07023 POS 202.045376 -61.995577
2 130 6130 4 M07060 POS 192.497154 -66.276366
2 64 6064 4 M07105 POS 137.614590 -71.152806
2 237 6237 4 M07106 POS 260.208602 -26.294273
2 253 6253 4 M07108 POS 267.508367 -42.778177
2 255 6255 4 M07110 POS 269.789505 -22.039343
2 238 6238 4 M07111 POS 261.320764 -15.898663
2 272 6272 4 M07113 POS 278.171495 -28.225188
2 290 6290 4 M07115 POS 286.582718 -34.306337
2 68 6068 4 M07117 POS 142.001710 -29.506375
2 97 6097 4 M07126 POS 168.316664 -37.411796
2 118 6118 4 M07127 POS 184.041011 -60.121647
2 96 6096 4 M07128 POS 167.265441 -47.803517
2 131 6131 4 M07129 POS 193.605131 -55.839467
2 110 6110 4 M07131 POS 178.952581 -22.840711
2 86 6086 4 M07153 POS 158.858179 -41.723336
2 120 6120 4 M07154 POS 186.317198 -39.343723
2 71 6071 4 M07157 POS 143.821478 -97.987248
2 80 6080 4 M07158 POS 152.185143 -104.129333
2 82 6082 4 M07159 POS 154.418203 -83.320122
2 291 6291 4 M07184 POS 287.686654 -23.985553
2 254 6254 4 M07185 POS 268.661921 -32.456176
2 236 6236 4 M07186 POS 259.099276 -36.612685
2 45 6045 4 M07187 POS 116.703917 -11.104515
2 133 6133 4 M07188 POS 195.867161 -35.096170
2 69 6069 4 M07189 POS 143.126788 -19.045979
2 158 6158 4 M07190 POS 212.622636 -47.416728
2 33 6033 4 M07191 POS 102.799021 -57.079222
2 206 6206 4 M07192 POS 243.397613 -13.955618
2 93 6093 4 M07194 POS 163.938205 -79.105615
2 104 6104 4 M07195 POS 172.401237 -85.189766
2 191 6191 4 M07196 POS 234.998786 -7.801074
2 40 6040 4 M07197 POS 111.210888 -63.160329
2 221 6221 4 M07199 POS 251.869667 -20.133188
2 67 6067 4 M07200 POS 140.930222 -39.899011
2 59 6059 4 M07201 POS 132.480196 -33.798032
2 78 6078 4 M07204 POS 151.496749 -25.165666
2 37 6037 4 M07206 POS 107.213666 -15.455348
2 121 6121 4 M07207 POS 187.370663 -28.996553
2 132 6132 4 M07208 POS 194.729350 -45.471981
2 109 6109 4 M07209 POS 177.870442 -33.252417
2 144 6144 4 M07210 POS 203.087080 -51.637359
2 52 6052 4 M07212 POS 125.160815 -17.152901
2 174 6174 4 M07213 POS 223.334982 -32.792575
2 218 6218 4 M07214 POS 248.448497 -51.215379
2 202 6202 4 M07215 POS 238.930698 -55.434879
2 201 6201 4 M07216 POS 237.839066 -65.761694
2 217 6217 4 M07229 POS 247.370545 -61.570608
2 187 6187 4 M07234 POS 230.585601 -49.287932
2 310 6310 4 M07235 POS 297.195458 -19.778307
2 89 6089 4 M07257 POS 162.121357 -10.569601
2 70 6070 4 M07263 POS 144.224896 -8.716034
2 88 6088 4 M07264 POS 161.095434 -20.952496
2 79 6079 4 M07267 POS 152.615382 -14.828435
2 98 6098 4 M07270 POS 169.477118 -27.048879
2 99 6099 4 M07280 POS 170.561602 -16.744828
2 107 6107 4 M07285 POS 175.697681 -53.948724
2 157 6157 4 M07286 POS 211.519798 -57.777353
2 233 6233 4 M07287 POS 255.757440 -67.679893
2 172 6172 4 M07289 POS 221.038339 -53.517418
2 216 6216 4 M07291 POS 246.270851 -71.950509
2 60 6060 4 M07294 POS 133.563551 -23.352040
2 77 6077 4 M07295 POS 150.418594 -35.564075
2 53 6053 4 M07296 POS 126.245792 -6.836953
2 111 6111 4 M07301 POS 180.093123 -12.424435
2 100 6100 4 M07304 POS 171.677895 -6.275262
2 186 6186 4 M07312 POS 229.418348 -59.670568
2 62 6062 4 M07351 POS 135.385750 -91.889948
2 83 6083 4 M07352 POS 155.513546 -72.962805
2 128 6128 4 M07353 POS 190.261019 -87.104528
2 162 6162 4 M07394 POS 217.061925 -5.939334
2 190 6190 4 M07395 POS 233.905960 -18.213487
2 90 6090 4 M07396 POS 160.654708 -110.211581
2 461 6461 260 M04283 ETC 350.181325 -214.555582
2 501 6501 260 M05607 ETC 373.550253 -164.617778
3 517 3517 8 P006 FIF 393.959138 113.514571
3 482 3482 8 P007 FIF 403.908002 59.145157
3 321 3321 8 P031 FIF 304.111703 86.140156
3 239 3239 8 P037 FIF 215.747708 149.751312
3 496 3496 65544 P039 FIF 330.772481 185.677649
3 11 3011 8 P051 FIF 54.178935 32.398393
3 75 3075 8 P083 FIF 152.925088 41.172676
3 150 3150 8 P100 FIF 241.576550 14.028396
3 534 3534 8 P116 FIF 367.704783 176.896386
3 439 3439 8 P121 FIF 409.126880 14.337248
3 541 3541 65672 P359 GIF 295.253328 207.277994
3 542 3542 136 P669 GIF 356.721958 202.549447
3 117 3117 4 M00436 POS 189.455864 50.475725
3 408 3408 4 M00677 POS 319.841677 131.483772
3 306 3306 4 M01135 POS 272.759928 122.491909
3 346 3346 4 M01146 POS 288.429789 131.467384
3 224 3224 4 M01168 POS 293.686333 14.196082
3 96 3096 4 M01243 POS 163.405864 59.565469
3 1 3001 4 M01249 POS 38.558321 5.150568
3 145 3145 4 M01284 POS 189.430594 86.638858
3 158 3158 4 M01632 POS 199.838372 86.579848
3 347 3347 4 M01676 POS 283.243412 140.547345
3 0 3000 4 M01828 POS 28.135555 5.199320
3 13 3013 4 M01833 POS 74.973197 14.208832
3 450 3450 4 M01939 POS 351.378170 113.422434
3 327 3327 4 M01949 POS 272.817165 140.566226
3 47 3047 4 M02237 POS 137.466129 14.232002
3 89 3089 4 M02333 POS 137.377701 86.730764
3 5 3005 4 M02334 POS 59.354859 5.184829
3 65 3065 4 M02548 POS 147.858739 32.343384
3 308 3308 4 M02616 POS 262.379112 140.579145
3 389 3389 4 M02617 POS 298.950944 149.548110
3 226 3226 4 M02634 POS 283.211168 32.294018
3 133 3133 4 M02639 POS 179.012888 86.633235
3 348 3348 4 M02688 POS 278.093712 149.614202
3 225 3225 4 M02695 POS 288.462139 23.284646
3 42 3042 4 M02742 POS 116.620102 32.312922
3 261 3261 4 M02743 POS 298.839816 41.270484
3 467 3467 4 M02747 POS 377.607936 86.381621
3 371 3371 4 M02759 POS 272.937577 176.717285
3 35 3035 4 M02769 POS 106.198340 32.286935
3 446 3446 4 M02782 POS 372.321128 77.341137
3 259 3259 4 M02784 POS 309.292068 23.212308
3 357 3357 4 M02786 POS 345.918917 50.288822
3 269 3269 4 M02787 POS 257.117220 113.563571
3 519 3519 4 M02809 POS 383.318456 131.519926
3 297 3297 4 M02821 POS 319.720973 41.245759
3 506 3506 4 M02827 POS 372.585423 131.546113
3 493 3493 4 M02829 POS 346.299857 158.538480
3 352 3352 4 M02840 POS 372.223674 5.230568
3 339 3339 4 M02887 POS 324.965594 68.311279
3 435 3435 4 M02888 POS 304.360851 176.687957
3 426 3426 4 M02928 POS 351.279760 95.410557
3 284 3284 4 M02931 POS 283.140431 86.404673
3 359 3359 4 M02944 POS 335.477986 68.336451
3 455 3455 4 M02945 POS 325.255718 158.540948
3 279 3279 4 M02952 POS 309.281320 41.295532
3 345 3345 4 M02975 POS 293.624399 122.464383
3 207 3207 4 M03021 POS 288.475392 5.207342
3 295 3295 4 M03033 POS 330.193415 23.206638
3 298 3298 4 M03039 POS 314.494135 50.288153
3 258 3258 4 M03040 POS 314.521408 14.205005
3 163 3163 4 M03041 POS 257.175596 5.205371
3 315 3315 4 M03056 POS 335.466908 32.239122
3 509 3509 4 M03063 POS 356.876445 158.583219
3 178 3178 4 M03071 POS 262.425724 14.208440
3 456 3456 4 M03075 POS 320.065177 167.595146
3 159 3159 4 M03089 POS 194.650238 95.652332
3 491 3491 4 M03107 POS 356.773591 140.495351
3 267 3267 4 M03109 POS 267.484963 95.492644
3 286 3286 4 M03110 POS 272.707344 104.461519
3 508 3508 4 M03111 POS 362.116040 149.563771
3 511 3511 4 M03127 POS 346.409150 176.659823
3 193 3193 4 M03128 POS 272.827166 14.238122
3 208 3208 4 M03130 POS 283.267589 14.220012
3 323 3323 4 M03143 POS 293.580887 104.408926
3 223 3223 4 M03145 POS 298.886679 5.179666
3 324 3324 4 M03149 POS 288.366205 113.438417
3 299 3299 4 M03166 POS 309.271588 59.315530
3 417 3417 4 M03167 POS 398.616292 14.245160
3 476 3476 4 M03181 POS 330.581953 167.569949
3 305 3305 4 M03182 POS 277.940774 113.469452
3 28 3028 4 M03183 POS 100.980179 23.311831
3 294 3294 4 M03186 POS 335.502049 14.207821
3 415 3415 4 M03187 POS 283.509025 194.848475
3 406 3406 4 M03191 POS 330.299935 113.415664
3 428 3428 4 M03192 POS 340.801960 113.433841
3 318 3318 4 M03215 POS 319.742052 59.314800
3 240 3240 4 M03221 POS 309.381905 5.207750
3 287 3287 4 M03227 POS 267.520002 113.495782
3 464 3464 4 M03233 POS 393.454297 59.348038
3 377 3377 4 M03235 POS 361.678656 41.272578
3 336 3336 4 M03255 POS 340.675603 41.242330
3 280 3280 4 M03287 POS 304.041697 50.304607
3 510 3510 4 M03294 POS 351.694863 167.607079
3 109 3109 4 M03297 POS 163.369139 77.659400
3 394 3394 4 M03300 POS 393.340284 5.241742
3 434 3434 4 M03305 POS 309.541497 167.634889
3 358 3358 4 M03318 POS 340.695615 59.323890
3 43 3043 4 M03320 POS 111.391455 41.363832
3 293 3293 4 M03339 POS 340.704111 5.204380
3 521 3521 4 M03361 POS 372.774514 149.580706
3 36 3036 4 M03376 POS 100.999067 41.297878
3 275 3275 4 M03378 POS 330.250121 5.200418
3 174 3174 4 M03382 POS 199.837709 104.673846
3 412 3412 4 M03397 POS 299.033665 167.662546
3 416 3416 4 M03398 POS 403.974134 5.238115
3 241 3241 4 M03429 POS 304.113050 14.194613
3 492 3492 4 M03439 POS 351.541924 149.560611
3 385 3385 4 M03440 POS 319.806781 113.432098
3 523 3523 4 M03441 POS 362.276902 167.621287
3 177 3177 4 M03444 POS 267.645644 5.224197
3 520 3520 4 M03454 POS 378.066615 140.542753
3 485 3485 4 M03460 POS 388.236699 86.387866
3 351 3351 4 M03469 POS 262.480988 176.723887
3 466 3466 4 M03474 POS 382.897674 77.337236
3 337 3337 4 M03475 POS 335.431075 50.280977
3 470 3470 4 M03478 POS 361.920962 113.402041
3 474 3474 4 M03480 POS 340.973976 149.491358
3 495 3495 4 M03482 POS 335.906322 176.620666
3 260 3260 4 M03502 POS 304.066075 32.281847
3 50 3050 4 M03516 POS 121.812438 41.421804
3 316 3316 4 M03518 POS 330.212544 41.256335
3 296 3296 4 M03519 POS 324.970891 32.250341
3 512 3512 4 M03521 POS 341.212392 185.731101
3 522 3522 4 M03534 POS 367.518771 158.617058
3 195 3195 4 M03537 POS 262.393486 32.261394
3 388 3388 4 M03539 POS 304.189797 140.453799
3 442 3442 4 M03551 POS 393.429874 41.300810
3 462 3462 4 M03553 POS 404.031483 41.298937
3 423 3423 4 M03555 POS 366.971985 68.318708
3 424 3424 4 M03574 POS 361.750947 77.342819
3 49 3049 4 M03581 POS 127.093203 32.379640
3 454 3454 4 M03583 POS 330.441758 149.510386
3 288 3288 4 M03611 POS 262.316024 122.552034
3 473 3473 4 M03626 POS 346.214352 140.493345
3 250 3250 4 M03629 POS 257.066938 95.484680
3 338 3338 4 M03632 POS 330.203794 59.305640
3 277 3277 4 M03638 POS 319.747881 23.211797
3 278 3278 4 M03640 POS 314.506985 32.260882
3 317 3317 4 M03656 POS 324.956984 50.275886
3 494 3494 4 M03657 POS 341.084513 167.593595
3 330 3330 4 M03667 POS 257.220281 167.709819
3 483 3483 4 M03676 POS 398.819177 68.368456
3 192 3192 4 M03711 POS 278.049786 5.196934
3 332 3332 4 M03725 POS 361.689838 5.219357
3 57 3057 4 M03732 POS 137.444372 32.342496
3 507 3507 4 M03733 POS 367.349867 140.541403
3 335 3335 4 M03743 POS 345.925340 32.251794
3 436 3436 4 M03757 POS 299.221677 185.718737
3 164 3164 4 M03758 POS 251.967470 14.197718
3 373 3373 4 M03777 POS 382.743668 5.225276
3 484 3484 4 M03781 POS 393.524823 77.383400
3 121 3121 4 M03785 POS 168.621137 86.641432
3 526 3526 4 M03786 POS 346.651255 194.774684
3 356 3356 4 M03790 POS 351.173751 41.258272
3 228 3228 4 M03828 POS 272.741703 50.338706
3 300 3300 4 M03836 POS 304.025626 68.339831
3 366 3366 4 M03843 POS 298.901148 131.513249
3 319 3319 4 M03844 POS 314.526419 68.341061
3 312 3312 4 M03867 POS 351.218152 5.206635
3 173 3173 4 M03868 POS 205.009344 95.648599
3 244 3244 4 M03869 POS 288.417980 41.315503
3 397 3397 4 M03891 POS 377.484036 32.264584
3 376 3376 4 M03909 POS 366.947166 32.266733
3 419 3419 4 M03917 POS 388.057209 32.256605
3 304 3304 4 M03956 POS 283.122158 104.421540
3 122 3122 4 M03961 POS 163.408057 95.693252
3 146 3146 4 M03962 POS 184.218606 95.684183
3 134 3134 4 M03966 POS 173.798401 95.687212
3 210 3210 4 M03969 POS 272.796358 32.299620
3 433 3433 4 M03971 POS 314.705103 158.559171
3 414 3414 4 M03972 POS 288.725635 185.709284
3 79 3079 4 M03976 POS 132.179464 77.715557
3 459 3459 4 M03993 POS 304.524574 194.752322
3 393 3393 4 M04019 POS 278.207913 185.742377
3 344 3344 4 M04036 POS 298.847527 113.465071
3 33 3033 4 M04040 POS 116.627099 14.193161
3 402 3402 4 M04050 POS 351.225479 77.285859
3 421 3421 4 M04053 POS 377.506117 50.326899
3 453 3453 4 M04054 POS 335.642615 140.498412
3 443 3443 4 M04055 POS 388.148592 50.306508
3 427 3427 4 M04056 POS 346.038300 104.423813
3 12 3012 4 M04057 POS 80.189083 5.134164
3 379 3379 4 M04058 POS 351.183136 59.307700
3 71 3071 4 M04060 POS 173.895084 5.198496
3 161 3161 4 M04061 POS 184.239795 113.726991
3 160 3160 4 M04063 POS 189.422761 104.704598
3 58 3058 4 M04064 POS 132.221072 41.416299
3 276 3276 4 M04068 POS 324.996066 14.215971
3 190 3190 4 M04071 POS 199.870504 122.745591
3 418 3418 4 M04074 POS 393.325548 23.271257
3 194 3194 4 M04075 POS 267.594451 23.250897
3 472 3472 4 M04076 POS 351.441510 131.445113
3 362 3362 4 M04077 POS 319.749638 95.389264
3 179 3179 4 M04078 POS 257.190135 23.208227
3 403 3403 4 M04079 POS 345.994843 86.361828
3 396 3396 4 M04080 POS 382.756125 23.248428
3 457 3457 4 M04081 POS 314.874301 176.635488
3 407 3407 4 M04082 POS 325.038572 122.443218
3 282 3282 4 M04085 POS 293.596003 68.356131
3 425 3425 4 M04089 POS 356.512773 86.335904
3 475 3475 4 M04097 POS 335.778740 158.521825
3 353 3353 4 M04126 POS 366.972918 14.195115
3 313 3313 4 M04127 POS 345.958297 14.218812
3 52 3052 4 M04137 POS 111.330423 59.565691
3 518 3518 4 M04138 POS 388.585739 122.473025
3 452 3452 4 M04148 POS 340.918112 131.444224
3 430 3430 4 M04149 POS 330.325955 131.442519
3 342 3342 4 M04150 POS 309.282994 95.378656
3 78 3078 4 M04151 POS 137.399708 68.650218
3 447 3447 4 M04171 POS 367.067489 86.348099
3 449 3449 4 M04172 POS 356.616819 104.405070
3 463 3463 4 M04175 POS 398.736650 50.320459
3 384 3384 4 M04176 POS 325.001789 104.399569
3 110 3110 4 M04183 POS 158.190836 86.701540
3 268 3268 4 M04185 POS 262.292245 104.507709
3 262 3262 4 M04189 POS 293.607488 50.327854
3 111 3111 4 M04191 POS 153.000562 95.702150
3 7 3007 4 M04192 POS 48.956886 23.335417
3 326 3326 4 M04195 POS 277.972819 131.538500
3 6 3006 4 M04196 POS 54.160277 14.247665
3 91 3091 4 M04221 POS 189.491188 14.229634
3 303 3303 4 M04223 POS 288.331352 95.404658
3 392 3392 4 M04225 POS 283.381801 176.682242
3 437 3437 4 M04226 POS 294.043868 194.847470
3 370 3370 4 M04235 POS 278.161831 167.656946
3 372 3372 4 M04237 POS 267.732106 185.767742
3 307 3307 4 M04239 POS 267.553524 131.586971
3 488 3488 4 M04243 POS 372.559524 113.446494
3 334 3334 4 M04245 POS 351.177081 23.209725
3 8 3008 4 M04250 POS 69.765741 5.160450
3 374 3374 4 M04251 POS 377.492889 14.257502
3 129 3129 4 M04252 POS 199.880691 50.364288
3 45 3045 4 M04256 POS 100.937198 59.533059
3 59 3059 4 M04267 POS 126.927205 50.521012
3 255 3255 4 M04269 POS 231.175951 140.695676
3 72 3072 4 M04270 POS 168.696408 14.237691
3 302 3302 4 M04281 POS 293.569939 86.392985
3 440 3440 4 M04282 POS 404.001495 23.252931
3 142 3142 4 M04284 POS 205.066706 59.484500
3 99 3099 4 M04285 POS 147.795646 86.672505
3 74 3074 4 M04288 POS 158.286956 32.353303
3 219 3219 4 M04290 POS 225.853608 113.617241
3 25 3025 4 M04291 POS 80.176132 41.346809
3 367 3367 4 M04304 POS 293.695251 140.545338
3 29 3029 4 M04307 POS 95.787103 32.300082
3 391 3391 4 M04309 POS 288.581200 167.641287
3 350 3350 4 M04310 POS 267.651806 167.694066
3 328 3328 4 M04311 POS 267.613190 149.586570
3 504 3504 4 M04316 POS 383.139500 113.468023
3 364 3364 4 M04327 POS 309.325811 113.451918
3 213 3213 4 M04330 POS 257.132548 59.381789
3 325 3325 4 M04340 POS 283.168473 122.464540
3 147 3147 4 M04347 POS 179.051323 104.717357
3 135 3135 4 M04354 POS 168.622242 104.702940
3 222 3222 4 M04357 POS 210.263154 140.776777
3 205 3205 4 M04358 POS 210.264526 122.695919
3 175 3175 4 M04359 POS 194.647611 113.692435
3 9 3009 4 M04369 POS 64.555185 14.275707
3 285 3285 4 M04378 POS 277.934114 95.448278
3 171 3171 4 M04379 POS 215.408696 77.543227
3 108 3108 4 M04380 POS 168.606283 68.583470
3 18 3018 4 M04381 POS 80.193641 23.297253
3 22 3022 4 M04384 POS 95.810742 14.162804
3 95 3095 4 M04387 POS 168.650953 50.474178
3 90 3090 4 M04388 POS 194.739601 5.221904
3 85 3085 4 M04389 POS 158.249080 50.437858
3 144 3144 4 M04391 POS 194.583049 77.599538
3 103 3103 4 M04392 POS 194.737337 23.216006
3 14 3014 4 M04393 POS 69.770145 23.305846
3 70 3070 4 M04395 POS 121.777053 77.706868
3 413 3413 4 M04400 POS 293.846087 176.687898
3 87 3087 4 M04409 POS 147.784731 68.640106
3 98 3098 4 M04415 POS 152.965617 77.717465
3 232 3232 4 M04425 POS 251.900472 86.511964
3 233 3233 4 M04426 POS 246.653096 95.539208
3 252 3252 4 M04427 POS 246.680846 113.580923
3 54 3054 4 M04428 POS 153.110518 5.191966
3 10 3010 4 M04431 POS 59.374510 23.295703
3 202 3202 4 M04432 POS 225.807560 95.581643
3 221 3221 4 M04440 POS 215.463142 131.756253
3 237 3237 4 M04442 POS 225.947234 131.683612
3 264 3264 4 M04446 POS 283.132305 68.403685
3 310 3310 4 M04451 POS 251.985491 158.723405
3 116 3116 4 M04464 POS 194.671418 41.348076
3 118 3118 4 M04465 POS 184.169037 59.546366
3 131 3131 4 M04466 POS 189.452747 68.574560
3 238 3238 4 M04467 POS 220.717639 140.758477
3 272 3272 4 M04468 POS 241.535465 140.642570
3 395 3395 4 M04471 POS 388.044717 14.262697
3 114 3114 4 M04477 POS 205.126471 23.289323
3 62 3062 4 M04483 POS 163.489932 5.147000
3 68 3068 4 M04485 POS 132.196462 59.650294
3 236 3236 4 M04488 POS 231.097487 122.672672
3 247 3247 4 M04489 POS 272.725979 68.385860
3 197 3197 4 M04490 POS 251.929371 50.346617
3 422 3422 4 M04495 POS 372.243953 59.322631
3 404 3404 4 M04497 POS 340.752159 95.415882
3 468 3468 4 M04498 POS 372.366421 95.389057
3 380 3380 4 M04499 POS 345.931526 68.335769
3 242 3242 4 M04505 POS 298.876382 23.243751
3 448 3448 4 M04506 POS 361.853457 95.370417
3 292 3292 4 M04507 POS 241.556590 158.716513
3 368 3368 4 M04508 POS 288.494554 149.578043
3 274 3274 4 M04509 POS 231.137129 158.748093
3 369 3369 4 M04517 POS 283.303537 158.649461
3 329 3329 4 M04519 POS 262.401897 158.649608
3 289 3289 4 M04520 POS 257.133104 131.578660
3 48 3048 4 M04530 POS 132.269426 23.315121
3 162 3162 4 M04534 POS 179.010552 122.731572
3 191 3191 4 M04536 POS 194.651775 131.769911
3 254 3254 4 M04538 POS 236.305162 131.651560
3 458 3458 4 M04542 POS 309.704586 185.721298
3 120 3120 4 M04544 POS 173.817366 77.679347
3 411 3411 4 M04548 POS 304.225015 158.584063
3 503 3503 4 M04588 POS 388.379358 104.438475
3 469 3469 4 M04590 POS 367.149450 104.414915
3 184 3184 4 M04591 POS 231.067904 68.494498
3 165 3165 4 M04595 POS 246.852255 23.149809
3 136 3136 4 M04596 POS 236.367630 5.208730
3 127 3127 4 M04597 POS 210.356320 32.276419
3 156 3156 4 M04599 POS 210.212024 68.522340
3 200 3200 4 M04600 POS 236.277713 77.504946
3 215 3215 4 M04601 POS 246.668636 77.492210
3 152 3152 4 M04603 POS 231.159467 32.267919
3 214 3214 4 M04604 POS 251.890305 68.435008
3 67 3067 4 M04634 POS 137.390684 50.487567
3 30 3030 4 M04645 POS 90.602622 41.352630
3 382 3382 4 M04661 POS 335.483699 86.360497
3 386 3386 4 M04665 POS 314.569003 122.415591
3 309 3309 4 M04668 POS 257.182808 149.622248
3 390 3390 4 M04669 POS 293.772388 158.596627
3 148 3148 4 M04671 POS 173.802901 113.709770
3 46 3046 4 M04673 POS 142.647091 5.157025
3 19 3019 4 M04680 POS 74.992503 32.322698
3 20 3020 4 M04681 POS 69.776922 41.403511
3 349 3349 4 M04698 POS 272.849016 158.645606
3 441 3441 4 M04707 POS 398.691813 32.257866
3 105 3105 4 M04710 POS 184.281158 41.377987
3 245 3245 4 M04730 POS 283.181054 50.319133
3 24 3024 4 M04731 POS 85.412366 32.304272
3 211 3211 4 M04734 POS 267.585397 41.317694
3 196 3196 4 M04736 POS 257.203036 41.284854
3 17 3017 4 M04737 POS 85.360931 14.229424
3 311 3311 4 M04738 POS 246.789392 167.749317
3 81 3081 4 M04739 POS 179.116846 14.219433
3 320 3320 4 M04742 POS 309.295240 77.381198
3 445 3445 4 M04743 POS 377.585342 68.325637
3 502 3502 4 M04744 POS 393.659373 95.422744
3 243 3243 4 M04745 POS 293.649301 32.288960
3 176 3176 4 M04758 POS 189.430656 122.757884
3 155 3155 4 M04764 POS 215.436873 59.445558
3 138 3138 4 M04770 POS 225.952808 23.245590
3 86 3086 4 M04772 POS 152.972735 59.570839
3 125 3125 4 M04774 POS 220.765365 14.199101
3 265 3265 4 M04776 POS 277.927840 77.415646
3 227 3227 4 M04778 POS 278.032632 41.293098
3 198 3198 4 M04779 POS 246.708912 59.374870
3 301 3301 4 M04784 POS 298.754886 77.359414
3 249 3249 4 M04788 POS 262.313360 86.458857
3 154 3154 4 M04790 POS 220.676380 50.408928
3 322 3322 4 M04792 POS 298.856212 95.405468
3 16 3016 4 M04793 POS 90.562424 5.195958
3 132 3132 4 M04794 POS 184.218066 77.626571
3 216 3216 4 M04795 POS 241.461690 86.539853
3 80 3080 4 M04796 POS 184.338910 5.161126
3 107 3107 4 M04803 POS 173.849857 59.524986
3 102 3102 4 M04805 POS 199.951676 14.176035
3 157 3157 4 M04811 POS 204.959812 77.625232
3 378 3378 4 M04812 POS 356.407952 50.274236
3 60 3060 4 M04814 POS 121.752537 59.595806
3 186 3186 4 M04815 POS 220.620041 86.544519
3 97 3097 4 M04818 POS 158.187420 68.590365
3 486 3486 4 M04832 POS 382.975279 95.391768
3 487 3487 4 M04833 POS 377.716716 104.406940
3 106 3106 4 M04835 POS 178.999615 50.469705
3 168 3168 4 M04836 POS 231.077282 50.378982
3 183 3183 4 M04837 POS 236.298517 59.397733
3 420 3420 4 M04842 POS 382.768010 41.281733
3 66 3066 4 M04844 POS 142.641962 41.421708
3 112 3112 4 M04847 POS 215.556601 5.199770
3 181 3181 4 M04848 POS 246.766773 41.308414
3 139 3139 4 M04850 POS 220.741269 32.300336
3 180 3180 4 M04851 POS 251.977323 32.274584
3 137 3137 4 M04855 POS 231.177033 14.204197
3 235 3235 4 M04878 POS 236.276708 113.581089
3 169 3169 4 M04879 POS 225.885941 59.428193
3 270 3270 4 M04880 POS 251.925132 122.568968
3 217 3217 4 M04882 POS 236.258234 95.543911
3 149 3149 4 M04883 POS 246.798212 5.201639
3 167 3167 4 M04884 POS 236.352656 41.295924
3 283 3283 4 M04888 POS 288.380825 77.381696
3 77 3077 4 M04889 POS 142.588895 59.618675
3 281 3281 4 M04892 POS 298.800402 59.342011
3 263 3263 4 M04893 POS 288.373147 59.347789
3 170 3170 4 M04894 POS 220.636832 68.497286
3 199 3199 4 M04901 POS 241.483263 68.429830
3 151 3151 4 M04902 POS 236.369115 23.234708
3 409 3409 4 M04925 POS 314.610982 140.513757
3 27 3027 4 M04931 POS 106.208052 14.186144
3 355 3355 4 M04937 POS 356.407522 32.245986
3 172 3172 4 M04941 POS 210.259688 86.585643
3 218 3218 4 M04944 POS 231.050641 104.622455
3 53 3053 4 M04947 POS 106.130450 68.594431
3 387 3387 4 M04949 POS 309.362774 131.489994
3 203 3203 4 M04952 POS 220.618482 104.642971
3 69 3069 4 M04953 POS 126.967251 68.611401
3 490 3490 4 M04955 POS 362.031487 131.522730
3 246 3246 4 M04963 POS 277.953283 59.394031
3 88 3088 4 M04964 POS 142.591340 77.693097
3 3 3003 4 M04965 POS 48.966901 5.180704
3 229 3229 4 M04966 POS 267.541045 59.357531
3 266 3266 4 M04967 POS 272.711959 86.431793
3 37 3037 4 M04968 POS 95.715096 50.415574
3 188 3188 4 M04970 POS 210.201614 104.638220
3 40 3040 4 M04972 POS 127.006035 14.184945
3 56 3056 4 M04974 POS 142.645755 23.307751
3 189 3189 4 M04978 POS 205.025269 113.683765
3 206 3206 4 M04979 POS 205.052436 131.743114
3 123 3123 4 M04980 POS 158.184839 104.735268
3 489 3489 4 M04981 POS 367.270000 122.489684
3 92 3092 4 M04991 POS 184.303599 23.287394
3 141 3141 4 M04992 POS 210.262993 50.381909
3 256 3256 4 M04993 POS 225.912750 149.710693
3 291 3291 4 M04995 POS 246.783179 149.633465
3 399 3399 4 M05001 POS 366.967161 50.297618
3 343 3343 4 M05002 POS 304.068335 104.433449
3 398 3398 4 M05007 POS 372.218458 41.298114
3 524 3524 4 M05011 POS 357.034038 176.645951
3 477 3477 4 M05013 POS 325.390974 176.677596
3 471 3471 4 M05018 POS 356.751689 122.449292
3 410 3410 4 M05029 POS 309.427403 149.535473
3 61 3061 4 M05046 POS 116.500979 68.632728
3 23 3023 4 M05047 POS 90.600143 23.275018
3 212 3212 4 M05048 POS 262.358900 50.329110
3 100 3100 4 M05052 POS 142.530729 95.730655
3 234 3234 4 M05053 POS 241.480751 104.604459
3 44 3044 4 M05054 POS 106.179376 50.428228
3 76 3076 4 M05055 POS 147.813098 50.493008
3 231 3231 4 M05056 POS 257.110175 77.438365
3 51 3051 4 M05057 POS 116.591305 50.426381
3 187 3187 4 M05058 POS 215.445056 95.595809
3 230 3230 4 M05061 POS 262.332638 68.433970
3 2 3002 4 M05062 POS 33.396745 14.257814
3 182 3182 4 M05063 POS 241.528858 50.320164
3 251 3251 4 M05065 POS 251.869242 104.570114
3 55 3055 4 M05066 POS 147.861730 14.228359
3 63 3063 4 M05067 POS 158.278013 14.185534
3 21 3021 4 M05068 POS 101.020498 5.188657
3 314 3314 4 M05072 POS 340.711753 23.221602
3 64 3064 4 M05081 POS 153.072162 23.283840
3 73 3073 4 M05082 POS 163.489296 23.277176
3 273 3273 4 M05091 POS 236.325545 149.730158
3 354 3354 4 M05191 POS 361.700504 23.243724
3 104 3104 4 M05194 POS 189.533064 32.306467
3 84 3084 4 M05201 POS 163.471879 41.377076
3 94 3094 4 M05202 POS 173.889646 41.418313
3 290 3290 4 M05204 POS 251.966062 140.602685
3 253 3253 4 M05214 POS 241.474968 122.615889
3 333 3333 4 M05221 POS 356.442194 14.209583
3 257 3257 4 M05240 POS 319.772128 5.197640
3 375 3375 4 M05242 POS 372.195493 23.248570
3 429 3429 4 M05263 POS 335.562693 122.451779
3 365 3365 4 M05264 POS 304.114801 122.485321
3 153 3153 4 M05273 POS 225.960004 41.336837
3 204 3204 4 M05274 POS 215.505885 113.658477
3 271 3271 4 M05275 POS 246.725417 131.640745
3 220 3220 4 M05277 POS 220.643006 122.682414
3 128 3128 4 M05281 POS 205.101024 41.339177
3 360 3360 4 M05283 POS 330.216510 77.356038
3 381 3381 4 M05284 POS 340.746692 77.336790
3 113 3113 4 M05287 POS 210.334386 14.211771
3 39 3039 4 M05290 POS 132.215527 5.190167
3 124 3124 4 M05291 POS 225.972205 5.181644
3 143 3143 4 M05293 POS 199.829092 68.560659
3 405 3405 4 M05300 POS 335.577245 104.406003
3 209 3209 4 M05301 POS 278.042774 23.226069
3 140 3140 4 M05327 POS 215.519274 41.361985
3 248 3248 4 M05328 POS 267.529146 77.443856
3 341 3341 4 M05329 POS 314.516262 86.372959
3 525 3525 4 M05330 POS 351.829428 185.720787
3 361 3361 4 M05331 POS 325.003555 86.385571
3 431 3431 4 M05336 POS 325.105155 140.505367
3 432 3432 4 M05337 POS 319.894035 149.545602
3 31 3031 4 M05346 POS 85.324198 50.393630
3 15 3015 4 M05351 POS 64.573466 32.357766
3 32 3032 4 M05361 POS 121.841424 5.139816
3 115 3115 4 M05362 POS 199.934630 32.255537
3 400 3400 4 M05372 POS 361.724302 59.327359
3 465 3465 4 M05376 POS 388.194062 68.357439
3 451 3451 4 M05411 POS 346.148416 122.427746
3 401 3401 4 M05413 POS 356.479226 68.310273
3 505 3505 4 M05439 POS 378.302068 122.571502
3 185 3185 4 M05455 POS 225.851963 77.521254
3 201 3201 4 M05456 POS 231.029993 86.572293
3 4 3004 4 M05457 POS 43.785213 14.242702
3 363 3363 4 M05464 POS 314.527764 104.413894
3 93 3093 4 M05488 POS 179.069175 32.330241
3 26 3026 4 M05489 POS 111.408762 5.172637
3 119 3119 4 M05491 POS 179.012569 68.640312
3 34 3034 4 M05492 POS 111.417288 23.271813
3 41 3041 4 M05496 POS 121.842684 23.328237
3 83 3083 4 M05497 POS 168.730357 32.357555
3 82 3082 4 M05502 POS 173.915783 23.277362
3 383 3383 4 M05510 POS 330.256357 95.382232
3 340 3340 4 M05511 POS 319.760961 77.352377
3 130 3130 4 M05512 POS 194.675027 59.498545
3 166 3166 4 M05519 POS 241.557916 32.266532
3 101 3101 4 M05529 POS 205.136003 5.159307
3 126 3126 4 M05530 POS 215.570020 23.215850
3 444 3444 4 M05532 POS 382.837644 59.320338
3 501 3501 260 M03990 ETC 398.950195 86.414932
3 461 3461 260 M04478 ETC 409.407090 32.280429
4 75 8075 65544 P029 FIF 99.487665 123.540742
4 517 8517 8 P033 FIF 251.793951 323.387967
4 150 8150 8 P034 FIF 186.863398 153.565727
4 496 8496 8 P049 FIF 158.484698 344.420236
4 439 8439 8 P060 FIF 323.021954 251.897503
4 482 8482 8 P076 FIF 292.088962 285.879621
4 321 8321 8 P102 FIF 195.236133 248.537061
4 11 8011 8 P109 FIF 25.093577 58.175716
4 534 8534 8 P113 FIF 193.984910 359.035544
4 239 8239 65544 P123 FIF 86.334659 247.950327
4 541 8541 136 P036 GIF 116.678950 341.623088
4 542 8542 136 P072 GIF 169.780796 373.872421
4 25 8025 4 M00283 POS 40.506048 80.636007
4 103 8103 4 M00296 POS 143.855733 133.390191
4 41 8041 4 M00325 POS 84.864437 90.547890
4 169 8169 4 M01020 POS 147.763366 180.981873
4 142 8142 4 M01086 POS 130.891255 168.729335
4 492 8492 4 M01133 POS 196.548031 327.743473
4 401 8401 4 M01164 POS 248.191541 264.940183
4 76 8076 4 M01185 POS 89.875615 127.806653
4 178 8178 4 M01197 POS 203.897792 165.848239
4 279 8279 4 M01208 POS 225.927294 215.321974
4 404 8404 4 M01210 POS 219.592499 277.583869
4 521 8521 4 M01222 POS 213.636371 340.254629
4 452 8452 4 M01224 POS 198.479752 306.841405
4 280 8280 4 M01269 POS 216.376005 219.567486
4 140 8140 4 M01307 POS 149.998897 160.262319
4 270 8270 4 M01432 POS 131.728679 247.379875
4 121 8121 4 M01468 POS 85.462975 169.315918
4 83 8083 4 M01646 POS 117.382376 125.442261
4 162 8162 4 M01689 POS 72.596607 204.667976
4 206 8206 4 M01710 POS 88.419597 227.261170
4 204 8204 4 M01713 POS 107.509392 218.730552
4 126 8126 4 M01716 POS 160.662167 145.620924
4 222 8222 4 M02231 POS 87.400376 237.608858
4 130 8130 4 M01743 POS 122.415300 162.615633
4 385 8385 4 M01747 POS 192.011946 279.850921
4 487 8487 4 M01797 POS 244.177972 306.616983
4 407 8407 4 M01894 POS 190.992106 290.229211
4 435 8435 4 M01993 POS 142.348998 321.930778
4 136 8136 4 M02025 POS 188.115733 143.264505
4 286 8286 4 M02028 POS 159.221921 244.946614
4 39 8039 4 M02032 POS 103.899116 82.029541
4 307 8307 4 M02057 POS 139.109942 263.866211
4 49 8049 4 M02067 POS 83.771372 100.991619
4 375 8375 4 M02177 POS 287.427425 237.744832
4 523 8523 4 M02194 POS 194.525233 348.706470
4 191 8191 4 M02251 POS 80.005647 221.113049
4 199 8199 4 M02272 POS 155.076695 197.415435
4 483 8483 4 M02289 POS 282.410268 289.870797
4 21 8021 4 M02296 POS 78.641517 63.662302
4 190 8190 4 M02312 POS 89.501920 216.914078
4 149 8149 4 M02315 POS 196.595259 149.380562
4 57 8057 4 M02318 POS 92.194653 107.088179
4 141 8141 4 M02320 POS 140.492790 164.487369
4 485 8485 4 M02322 POS 263.284182 298.233289
4 289 8289 4 M02326 POS 130.629130 257.724815
4 148 8148 4 M02330 POS 73.714087 194.285521
4 181 8181 4 M02336 POS 175.344908 178.614575
4 292 8292 4 M02340 POS 102.107368 270.479938
4 170 8170 4 M02345 POS 138.199943 185.247183
4 459 8459 4 M02346 POS 131.877345 336.635420
4 221 8221 4 M02351 POS 96.921350 233.334931
4 156 8156 4 M02358 POS 129.776474 179.122705
4 102 8102 4 M02360 POS 153.315507 129.116076
4 175 8175 4 M02370 POS 90.633052 206.509329
4 133 8133 4 M02377 POS 93.859952 175.371193
4 134 8134 4 M02380 POS 84.339140 179.637353
4 123 8123 4 M02385 POS 66.390498 177.796789
4 129 8129 4 M02387 POS 132.022211 158.382051
4 117 8117 4 M02414 POS 123.556319 152.246781
4 94 8094 4 M02415 POS 116.280083 135.787041
4 107 8107 4 M02429 POS 105.572617 150.422055
4 61 8061 4 M02436 POS 53.884042 124.133112
4 173 8173 4 M02437 POS 109.590546 198.027632
4 106 8106 4 M02438 POS 115.124600 146.186014
4 87 8087 4 M02441 POS 79.147600 142.452487
4 89 8089 4 M02442 POS 60.142454 150.980166
4 323 8323 4 M02454 POS 176.120070 257.215710
4 183 8183 4 M02455 POS 156.238416 187.100200
4 80 8080 4 M02463 POS 146.035158 112.625326
4 171 8171 4 M02469 POS 128.703683 189.544770
4 84 8084 4 M02477 POS 107.933503 129.626347
4 180 8180 4 M02483 POS 184.857600 174.364022
4 414 8414 4 M02490 POS 124.357152 320.013456
4 165 8165 4 M02494 POS 185.978376 163.996669
4 437 8437 4 M02495 POS 123.331020 330.484349
4 189 8189 4 M02497 POS 98.988041 212.600601
4 12 8012 4 M02498 POS 61.769877 51.431327
4 95 8095 4 M02500 POS 106.720675 140.004569
4 88 8088 4 M02502 POS 69.653018 146.735557
4 415 8415 4 M02503 POS 114.850643 324.319505
4 99 8099 4 M02504 POS 68.563543 157.107102
4 155 8155 4 M02505 POS 139.390623 174.879181
4 432 8432 4 M02507 POS 170.893579 309.115396
4 20 8020 4 M02508 POS 32.096794 74.584328
4 8 8008 4 M02513 POS 53.391579 45.298046
4 124 8124 4 M02530 POS 179.719023 137.118423
4 154 8154 4 M02532 POS 148.902870 170.664878
4 413 8413 4 M02534 POS 133.868270 315.795110
4 55 8055 4 M02541 POS 111.256169 98.552625
4 176 8176 4 M02568 POS 81.100335 210.790833
4 160 8160 4 M02570 POS 91.630047 196.142727
4 393 8393 4 M02574 POS 115.873701 313.874744
4 272 8272 4 M02578 POS 112.684291 255.914035
4 184 8184 4 M02589 POS 146.632343 191.387879
4 264 8264 4 M02590 POS 188.842430 221.906494
4 168 8168 4 M02594 POS 157.304510 176.739156
4 228 8228 4 M02595 POS 191.050257 201.199464
4 81 8081 4 M02597 POS 136.536669 116.926846
4 312 8312 4 M02612 POS 281.049041 210.765812
4 232 8232 4 M02614 POS 152.889815 218.166427
4 444 8444 4 M02618 POS 274.857238 273.172393
4 151 8151 4 M02629 POS 177.544457 157.871100
4 424 8424 4 M02631 POS 247.162380 275.350674
4 198 8198 4 M02632 POS 164.670728 193.211444
4 423 8423 4 M02633 POS 256.709995 271.125892
4 333 8333 4 M02635 POS 280.008369 221.172236
4 113 8113 4 M02636 POS 161.705411 135.211610
4 489 8489 4 M02640 POS 225.096032 315.057910
4 503 8503 4 M02641 POS 252.768354 312.835707
4 229 8229 4 M02644 POS 181.514338 205.415092
4 209 8209 4 M02646 POS 211.245173 182.368684
4 440 8440 4 M02650 POS 313.149023 256.463799
4 152 8152 4 M02654 POS 168.061723 162.102872
4 429 8429 4 M02657 POS 199.433899 296.411776
4 449 8449 4 M02658 POS 227.099017 294.182808
4 418 8418 4 M02659 POS 304.513162 250.158452
4 310 8310 4 M02668 POS 110.609715 276.626531
4 34 8034 4 M02670 POS 76.465717 84.441896
4 488 8488 4 M02674 POS 234.654102 310.838337
4 313 8313 4 M02676 POS 271.512595 214.989389
4 320 8320 4 M02679 POS 204.729778 244.523928
4 421 8421 4 M02680 POS 275.803285 262.731712
4 434 8434 4 M02681 POS 151.854480 317.663542
4 422 8422 4 M02687 POS 266.246494 266.920174
4 448 8448 4 M02692 POS 236.588092 289.972852
4 376 8376 4 M02693 POS 277.830178 241.930643
4 420 8420 4 M02694 POS 285.361918 258.561380
4 353 8353 4 M02696 POS 288.464382 227.374161
4 28 8028 4 M02697 POS 67.998300 78.310888
4 104 8104 4 M02700 POS 134.330496 137.619949
4 237 8237 4 M02701 POS 105.316518 239.451831
4 71 8071 4 M02707 POS 137.554648 106.507871
4 311 8311 4 M02708 POS 101.051355 280.869381
4 502 8502 4 M02710 POS 262.287159 308.691215
4 193 8193 4 M02714 POS 212.389893 172.003278
4 319 8319 4 M02716 POS 214.230817 240.284289
4 465 8465 4 M02717 POS 273.835338 283.596164
4 235 8235 4 M02719 POS 124.341518 230.949073
4 218 8218 4 M02723 POS 125.459794 220.601670
4 54 8054 4 M02622 POS 120.661820 94.197902
4 436 8436 4 M02734 POS 132.860054 326.203294
4 344 8344 4 M02735 POS 175.063653 267.522987
4 274 8274 4 M02736 POS 93.659426 264.401074
4 254 8254 4 M02740 POS 113.690469 245.545621
4 335 8335 4 M02745 POS 260.839295 229.587870
4 62 8062 4 M02748 POS 129.150736 100.389717
4 326 8326 4 M02756 POS 147.528942 269.931456
4 304 8304 4 M02768 POS 167.663915 251.119540
4 403 8403 4 M02785 POS 229.121996 273.350783
4 355 8355 4 M02793 POS 269.354857 235.753137
4 315 8315 4 M02794 POS 252.406353 223.395451
4 383 8383 4 M02795 POS 211.044295 271.396010
4 462 8462 4 M02798 POS 302.565814 271.036672
4 255 8255 4 M02817 POS 104.221451 249.833340
4 112 8112 4 M02848 POS 171.285027 130.973773
4 214 8214 4 M02850 POS 163.549658 203.556774
4 85 8085 4 M02852 POS 98.255497 133.874624
4 371 8371 4 M02853 POS 116.867151 303.487649
4 146 8146 4 M02860 POS 92.727774 185.785554
4 205 8205 4 M02864 POS 97.918238 223.015888
4 26 8026 4 M02867 POS 87.047358 69.773536
4 268 8268 4 M02869 POS 150.706635 238.887669
4 346 8346 4 M02870 POS 156.033018 276.030126
4 74 8074 4 M02875 POS 108.995233 119.286815
4 238 8238 4 M02876 POS 95.814848 243.724166
4 269 8269 4 M02877 POS 141.192529 243.131340
4 47 8047 4 M02892 POS 102.851804 92.448713
4 115 8115 4 M02894 POS 142.755004 143.695654
4 219 8219 4 M02897 POS 115.870087 224.858818
4 93 8093 4 M02899 POS 125.872820 131.514627
4 200 8200 4 M02912 POS 145.550497 201.721781
4 490 8490 4 M02916 POS 215.565452 319.288690
4 507 8507 4 M02917 POS 214.523589 329.755751
4 114 8114 4 M02920 POS 152.199046 139.459150
4 16 8016 4 M02921 POS 70.201218 57.572244
4 138 8138 4 M02926 POS 169.132694 151.734768
4 345 8345 4 M02927 POS 165.580927 271.795707
4 225 8225 4 M02930 POS 219.661866 188.505507
4 388 8388 4 M02936 POS 163.431622 292.567731
4 63 8063 4 M02938 POS 119.688518 104.668806
4 187 8187 4 M02947 POS 118.033742 204.118199
4 505 8505 4 M02953 POS 233.676299 321.305121
4 372 8372 4 M02970 POS 107.399958 307.734880
4 179 8179 4 M02971 POS 194.414149 170.114023
4 291 8291 4 M02972 POS 111.628292 266.311940
4 398 8398 4 M02980 POS 276.833602 252.339294
4 137 8137 4 M02981 POS 178.662221 147.496364
4 356 8356 4 M02982 POS 259.819604 239.965858
4 91 8091 4 M02983 POS 144.936905 123.011915
4 125 8125 4 M02985 POS 170.222774 141.375765
4 352 8352 4 M02986 POS 298.063424 223.183586
4 31 8031 4 M02990 POS 39.385607 91.052830
4 306 8306 4 M02996 POS 148.645485 259.576460
4 287 8287 4 M03006 POS 149.662939 249.185211
4 174 8174 4 M03008 POS 100.100031 202.301969
4 302 8302 4 M03009 POS 186.714473 242.615674
4 288 8288 4 M03011 POS 140.147163 253.459504
4 285 8285 4 M03028 POS 168.742835 240.728474
4 524 8524 4 M03034 POS 184.934449 352.920959
4 217 8217 4 M03077 POS 134.938790 216.289668
4 284 8284 4 M03086 POS 178.282273 236.466867
4 305 8305 4 M03094 POS 158.159461 255.269776
4 366 8366 4 M03095 POS 164.501194 282.163740
4 367 8367 4 M03099 POS 154.937026 286.416618
4 72 8072 4 M03129 POS 128.098162 110.743976
4 325 8325 4 M03133 POS 157.065493 265.667026
4 208 8208 4 M03138 POS 220.747474 178.105622
4 382 8382 4 M03140 POS 220.636699 267.142619
4 297 8297 4 M03150 POS 234.388263 221.452019
4 35 8035 4 M03177 POS 66.892460 88.681426
4 90 8090 4 M03196 POS 154.456556 118.760613
4 220 8220 4 M03198 POS 106.422049 229.086993
4 253 8253 4 M03204 POS 123.320408 241.308024
4 273 8273 4 M03207 POS 103.158932 260.144784
4 135 8135 4 M03209 POS 74.820716 183.882683
4 256 8256 4 M03217 POS 94.706332 254.039468
4 519 8519 4 M03219 POS 232.731793 331.823131
4 15 8015 4 M03224 POS 33.207589 64.201012
4 316 8316 4 M03225 POS 242.858534 227.657241
4 387 8387 4 M03237 POS 172.958846 288.311800
4 417 8417 4 M03246 POS 314.082454 246.001537
4 446 8446 4 M03253 POS 255.761550 281.521796
4 241 8241 4 M03263 POS 237.646070 190.355442
4 231 8231 4 M03264 POS 162.402916 213.862081
4 358 8358 4 M03265 POS 240.717773 248.377914
4 494 8494 4 M03268 POS 177.429023 336.174414
4 512 8512 4 M03277 POS 166.893464 350.907236
4 301 8301 4 M03279 POS 196.241251 238.407402
4 196 8196 4 M03280 POS 183.744842 184.717743
4 324 8324 4 M03281 POS 166.602166 261.390075
4 247 8247 4 M03282 POS 180.423631 215.727732
4 396 8396 4 M03284 POS 295.962995 243.924982
4 230 8230 4 M03299 POS 171.958611 209.657036
4 441 8441 4 M03308 POS 303.601647 260.608134
4 194 8194 4 M03316 POS 202.838890 176.228256
4 426 8426 4 M03360 POS 228.042237 283.758743
4 69 8069 4 M03364 POS 62.320693 130.236191
4 378 8378 4 M03381 POS 258.773005 250.287378
4 261 8261 4 M03405 POS 217.423993 209.209115
4 249 8249 4 M03413 POS 161.378189 224.239266
4 476 8476 4 M03423 POS 168.971760 330.011584
4 66 8066 4 M03448 POS 91.009919 117.453940
4 341 8341 4 M03453 POS 203.673786 254.847970
4 267 8267 4 M03461 POS 160.265270 234.606117
4 377 8377 4 M03477 POS 268.309521 246.141310
4 139 8139 4 M03490 POS 159.543214 155.953403
4 223 8223 4 M03493 POS 238.747789 180.019216
4 442 8442 4 M03494 POS 294.015975 264.755836
4 379 8379 4 M03504 POS 249.219117 254.557059
4 509 8509 4 M03506 POS 195.473398 338.153842
4 374 8374 4 M03536 POS 296.977061 233.535825
4 453 8453 4 M03544 POS 188.957293 311.033474
4 236 8236 4 M03552 POS 114.852454 235.191104
4 79 8079 4 M03576 POS 61.244049 140.591708
4 211 8211 4 M03588 POS 192.177478 190.816050
4 210 8210 4 M03590 POS 201.668288 186.592913
4 363 8363 4 M03593 POS 193.068509 269.434097
4 282 8282 4 M03595 POS 197.306669 228.052901
4 443 8443 4 M03596 POS 284.482215 268.985257
4 177 8177 4 M03597 POS 213.475470 161.658025
4 281 8281 4 M03599 POS 206.886424 223.786521
4 510 8510 4 M03600 POS 185.892452 342.387173
4 491 8491 4 M03602 POS 206.071205 323.485462
4 493 8493 4 M03612 POS 186.968266 331.927196
4 430 8430 4 M03618 POS 189.932383 300.629143
4 295 8295 4 M03671 POS 253.475270 213.015770
4 464 8464 4 M03672 POS 283.473766 279.420607
4 477 8477 4 M03687 POS 159.430700 334.264689
4 470 8470 4 M03689 POS 226.126446 304.601413
4 245 8245 4 M03700 POS 199.529086 207.298176
4 471 8471 4 M03705 POS 216.555665 308.842343
4 511 8511 4 M03707 POS 176.416092 346.649185
4 275 8275 4 M03708 POS 264.142142 198.460763
4 101 8101 4 M01611 POS 162.873166 124.898213
4 127 8127 4 M03710 POS 151.187736 149.872282
4 518 8518 4 M03726 POS 242.320888 327.574408
4 342 8342 4 M03749 POS 194.138322 259.077087
4 468 8468 4 M03751 POS 245.146588 296.195797
4 243 8243 4 M03752 POS 218.584118 198.867049
4 224 8224 4 M03761 POS 229.193335 184.200564
4 445 8445 4 M03762 POS 265.265486 277.370497
4 227 8227 4 M03763 POS 200.597878 196.958128
4 454 8454 4 M03764 POS 179.429699 315.299384
4 399 8399 4 M03765 POS 267.282930 256.506992
4 458 8458 4 M03766 POS 141.364459 332.358659
4 166 8166 4 M03768 POS 176.400453 168.249517
4 164 8164 4 M03770 POS 195.488858 159.763495
4 192 8192 4 M03771 POS 221.867855 167.778427
4 213 8213 4 M03788 POS 173.071467 199.299013
4 455 8455 4 M03794 POS 169.953433 319.543721
4 360 8360 4 M03795 POS 221.688023 256.787004
4 410 8410 4 M03796 POS 162.406865 302.953123
4 226 8226 4 M03797 POS 210.127647 192.701295
4 246 8246 4 M03798 POS 189.957132 211.566687
4 469 8469 4 M03813 POS 235.663180 300.392103
4 486 8486 4 M03816 POS 253.710410 302.410145
4 508 8508 4 M03819 POS 205.063603 333.960661
4 433 8433 4 M03829 POS 161.359163 313.360452
4 361 8361 4 M03832 POS 212.125867 261.047187
4 248 8248 4 M03840 POS 170.876676 220.033286
4 334 8334 4 M03847 POS 270.453091 225.365643
4 314 8314 4 M03852 POS 261.929143 219.190050
4 394 8394 4 M03878 POS 315.072485 235.623918
4 416 8416 4 M03882 POS 323.723870 241.823301
4 373 8373 4 M03884 POS 306.532363 229.352901
4 244 8244 4 M03892 POS 209.028149 203.094445
4 233 8233 4 M03899 POS 143.375546 222.417809
4 428 8428 4 M03906 POS 209.027011 292.185816
4 400 8400 4 M03947 POS 257.716602 260.749204
4 215 8215 4 M03977 POS 154.043012 207.794900
4 457 8457 4 M03978 POS 150.863597 328.060664
4 431 8431 4 M03994 POS 180.366033 304.857229
4 263 8263 4 M03995 POS 198.371609 217.662881
4 332 8332 4 M02564 POS 289.502621 216.973413
4 294 8294 4 M04001 POS 263.017641 208.772874
4 283 8283 4 M04002 POS 187.784114 232.250261
4 409 8409 4 M04003 POS 171.887130 298.686588
4 484 8484 4 M04011 POS 272.849101 294.062530
4 262 8262 4 M04016 POS 207.927812 213.429619
4 473 8473 4 M04017 POS 197.472281 317.252971
4 207 8207 4 M04018 POS 230.278225 173.875815
4 362 8362 4 M04073 POS 202.622794 265.210922
4 318 8318 4 M04086 POS 223.784325 236.041743
4 182 8182 4 M04090 POS 165.793206 182.842353
4 456 8456 4 M04091 POS 160.383629 323.814901
4 427 8427 4 M04093 POS 218.551931 287.963203
4 526 8526 4 M04095 POS 165.921052 361.480198
4 504 8504 4 M04112 POS 243.203895 317.078879
4 257 8257 4 M04113 POS 255.631942 192.323724
4 472 8472 4 M04116 POS 207.068427 313.022863
4 395 8395 4 M04120 POS 305.505344 239.756783
4 328 8328 4 M04154 POS 128.515764 278.452540
4 392 8392 4 M04156 POS 125.388634 309.600323
4 6 8006 4 M04157 POS 35.427617 43.455609
4 322 8322 4 M04160 POS 185.591203 252.975152
4 258 8258 4 M04161 POS 246.089060 196.527782
4 195 8195 4 M04162 POS 193.292125 180.509710
4 265 8265 4 M04163 POS 179.310105 226.114276
4 163 8163 4 M04164 POS 205.029939 155.550260
4 271 8271 4 M04165 POS 122.175731 251.609699
4 419 8419 4 M04168 POS 294.959366 254.364642
4 451 8451 4 M04178 POS 208.021825 302.621046
4 349 8349 4 M04180 POS 127.482483 288.834738
4 45 8045 4 M04181 POS 46.592057 107.590545
4 1 8001 4 M00825 POS 28.100122 27.002905
4 290 8290 4 M04184 POS 121.119456 261.957436
4 475 8475 4 M04228 POS 178.467147 325.726871
4 467 8467 4 M04229 POS 254.687271 291.937490
4 466 8466 4 M04232 POS 264.265390 287.780909
4 447 8447 4 M04234 POS 246.142670 285.741510
4 186 8186 4 M04240 POS 127.568885 199.802954
4 338 8338 4 M04247 POS 232.277934 242.252480
4 59 8059 4 M04248 POS 73.050621 115.570523
4 317 8317 4 M04257 POS 233.343215 231.825008
4 384 8384 4 M04272 POS 201.556240 275.603434
4 339 8339 4 M04289 POS 222.720220 246.444127
4 212 8212 4 M04293 POS 182.600780 195.060955
4 242 8242 4 M04296 POS 228.147397 194.625598
4 252 8252 4 M04297 POS 132.796753 236.979672
4 380 8380 4 M04344 POS 239.695102 258.753000
4 359 8359 4 M04346 POS 231.182522 252.580612
4 525 8525 4 M04360 POS 175.487068 357.137359
4 495 8495 4 M04361 POS 167.870366 340.453599
4 202 8202 4 M04362 POS 126.531523 210.188423
4 201 8201 4 M04363 POS 136.059929 205.953113
4 216 8216 4 M04364 POS 144.494319 212.109245
4 203 8203 4 M04366 POS 117.025839 214.499664
4 167 8167 4 M04386 POS 166.930724 172.450054
4 60 8060 4 M04394 POS 63.463593 119.905691
4 23 8023 4 M04447 POS 59.601044 72.147749
4 65 8065 4 M04476 POS 100.598167 113.219976
4 357 8357 4 M04491 POS 250.254619 244.149427
4 188 8188 4 M04500 POS 108.591920 208.349049
4 172 8172 4 M04503 POS 119.182585 193.747831
4 185 8185 4 M04510 POS 137.129441 195.598996
4 354 8354 4 M04511 POS 278.908642 231.556643
4 474 8474 4 M04516 POS 188.000592 321.471962
4 450 8450 4 M04547 POS 217.549146 298.416981
4 408 8408 4 M04549 POS 181.428692 294.449785
4 266 8266 4 M04550 POS 169.782742 230.359114
4 463 8463 4 M04551 POS 292.980560 275.204361
4 411 8411 4 M04555 POS 152.879812 307.248626
4 50 8050 4 M04587 POS 74.218423 105.235462
4 51 8051 4 M04612 POS 64.608774 109.443298
4 364 8364 4 M04632 POS 183.567010 273.650810
4 250 8250 4 M04638 POS 151.817160 228.484077
4 381 8381 4 M04640 POS 230.169836 262.985855
4 303 8303 4 M04641 POS 177.155768 246.797147
4 406 8406 4 M04642 POS 200.482065 286.011046
4 397 8397 4 M04646 POS 286.372875 248.149533
4 300 8300 4 M04651 POS 205.742706 234.165081
4 365 8365 4 M04694 POS 173.999296 277.972099
4 343 8343 4 M04695 POS 184.579104 263.318650
4 386 8386 4 M04697 POS 182.496289 284.065117
4 42 8042 4 M04700 POS 75.329543 94.788303
4 67 8067 4 M04706 POS 81.406003 121.677800
4 147 8147 4 M04728 POS 83.195883 190.046560
4 120 8120 4 M04735 POS 94.917061 165.018679
4 240 8240 4 M04748 POS 247.187100 186.132021
4 278 8278 4 M04749 POS 235.474712 211.088227
4 405 8405 4 M04756 POS 210.064045 281.780689
4 153 8153 4 M04761 POS 158.498822 166.341165
4 293 8293 4 M04762 POS 272.542221 204.625207
4 520 8520 4 M04763 POS 223.245856 336.027848
4 276 8276 4 M04765 POS 254.563518 202.668975
4 259 8259 4 M04768 POS 236.550194 200.748761
4 337 8337 4 M04773 POS 241.788528 237.983956
4 37 8037 4 M04775 POS 47.796468 97.161986
4 234 8234 4 M04869 POS 133.882522 226.688141
4 251 8251 4 M04873 POS 142.317845 232.757489
4 52 8052 4 M04936 POS 55.061569 113.709186
4 425 8425 4 M04938 POS 237.589736 279.550532
4 77 8077 4 M04962 POS 80.262003 132.083804
4 299 8299 4 M04982 POS 215.309079 229.902819
4 29 8029 4 M05005 POS 58.478011 82.564221
4 260 8260 4 M05015 POS 227.027693 204.950240
4 4 8004 4 M05031 POS 26.987908 37.414099
4 9 8009 4 M05035 POS 43.831767 49.552589
4 17 8017 4 M05040 POS 60.698323 61.789045
4 348 8348 4 M05042 POS 136.981873 284.539425
4 111 8111 4 M05045 POS 67.464061 167.454390
4 402 8402 4 M05051 POS 238.715739 269.163917
4 351 8351 4 M05107 POS 108.433593 297.360811
4 122 8122 4 M05115 POS 75.933511 173.549587
4 159 8159 4 M05116 POS 101.191623 191.916386
4 327 8327 4 M05120 POS 138.031599 274.199582
4 309 8309 4 M05125 POS 120.063312 272.328066
4 0 8000 4 M05129 POS 19.674703 20.886636
4 18 8018 4 M05130 POS 51.119518 66.055205
4 368 8368 4 M05132 POS 145.448864 290.691730
4 78 8078 4 M05142 POS 70.705793 136.332661
4 24 8024 4 M05143 POS 50.066961 76.416159
4 10 8010 4 M05144 POS 34.262070 53.871188
4 7 8007 4 M05145 POS 25.842640 47.805085
4 19 8019 4 M05147 POS 41.674705 70.303066
4 100 8100 4 M05148 POS 59.010362 161.279464
4 5 8005 4 M05149 POS 44.952422 39.221394
4 3 8003 4 M05151 POS 36.546899 33.059897
4 70 8070 4 M05152 POS 52.813539 134.485512
4 13 8013 4 M05166 POS 52.262181 55.659850
4 14 8014 4 M05171 POS 42.759672 59.880456
4 68 8068 4 M05192 POS 71.894956 125.953431
4 298 8298 4 M05243 POS 224.843185 225.709389
4 197 8197 4 M05294 POS 174.196519 188.930361
4 32 8032 4 M05295 POS 95.471913 75.929260
4 144 8144 4 M05297 POS 111.779648 177.308265
4 56 8056 4 M05298 POS 101.590544 102.818479
4 119 8119 4 M05302 POS 104.493782 160.766937
4 22 8022 4 M05303 POS 69.118637 67.981118
4 27 8027 4 M05305 POS 77.528623 74.017194
4 350 8350 4 M05307 POS 117.990863 293.088185
4 369 8369 4 M05308 POS 135.957651 294.945335
4 110 8110 4 M05310 POS 76.979995 163.164224
4 370 8370 4 M05317 POS 126.432683 299.197792
4 390 8390 4 M05318 POS 144.422432 301.094972
4 329 8329 4 M05319 POS 118.994505 282.700745
4 391 8391 4 M05321 POS 134.923299 305.352343
4 308 8308 4 M05322 POS 129.617521 268.098534
4 522 8522 4 M05323 POS 204.039068 344.449471
4 96 8096 4 M05324 POS 97.146229 144.287829
4 64 8064 4 M05326 POS 110.125134 108.950728
4 46 8046 4 M05332 POS 112.359798 88.171941
4 73 8073 4 M05333 POS 118.541486 115.053598
4 506 8506 4 M05334 POS 224.107830 325.521123
4 296 8296 4 M05338 POS 243.937515 217.216477
4 43 8043 4 M05342 POS 65.836985 99.063726
4 58 8058 4 M05353 POS 82.578185 111.289003
4 336 8336 4 M05355 POS 251.347440 233.739173
4 277 8277 4 M05359 POS 245.029717 206.867220
4 108 8108 4 M05366 POS 96.020038 154.644324
4 157 8157 4 M05367 POS 120.278225 183.403378
4 161 8161 4 M05368 POS 82.186466 200.419212
4 109 8109 4 M05369 POS 86.539290 158.926750
4 44 8044 4 M05370 POS 56.252631 103.333112
4 143 8143 4 M05373 POS 121.306244 173.015866
4 131 8131 4 M05374 POS 112.897240 166.868096
4 48 8048 4 M05381 POS 93.291680 96.733882
4 33 8033 4 M05382 POS 85.929351 80.147868
4 158 8158 4 M05385 POS 110.754083 187.651983
4 145 8145 4 M05386 POS 102.308643 181.570565
4 86 8086 4 M05387 POS 88.732146 138.248274
4 330 8330 4 M05406 POS 109.518518 286.970932
4 132 8132 4 M05409 POS 103.318785 171.133253
4 97 8097 4 M05410 POS 87.557607 148.596606
4 412 8412 4 M05414 POS 143.344338 311.499089
4 347 8347 4 M05415 POS 146.510371 280.273937
4 30 8030 4 M05428 POS 49.001999 86.792874
4 340 8340 4 M05434 POS 213.166829 250.655216
4 36 8036 4 M05454 POS 57.387601 92.937682
4 2 8002 4 M05473 POS 18.579306 31.281316
4 82 8082 4 M05483 POS 126.949220 121.160278
4 116 8116 4 M05484 POS 133.172829 147.994738
4 128 8128 4 M05485 POS 141.600934 154.144286
4 92 8092 4 M05486 POS 135.449547 127.249532
4 118 8118 4 M05487 POS 113.940909 156.568907
4 53 8053 4 M05495 POS 45.522208 117.963606
4 105 8105 4 M05498 POS 124.744211 141.915025
4 98 8098 4 M05499 POS 78.050639 152.811899
4 389 8389 4 M05507 POS 153.908598 296.828354
4 40 8040 4 M05514 POS 94.392415 86.248163
4 461 8461 260 M01190 ETC 312.237716 266.865683
4 501 8501 260 M02792 ETC 271.957421 304.513909
5 439 10439 8 P013 FIF 112.828587 394.041417
5 239 10239 8 P017 FIF -75.795294 251.140887
5 496 10496 8 P035 FIF -74.569028 371.911479
5 150 10150 8 P063 FIF 60.953038 234.400503
5 517 10517 8 P071 FIF 13.516205 409.707042
5 321 10321 8 P086 FIF 11.500087 315.738766
5 534 10534 8 P092 FIF -54.546596 404.582833
5 75 10075 8 P094 FIF 7.854161 158.128568
5 11 10011 8 P105 FIF -14.439357 61.460210
5 482 10482 8 P131 FIF 68.208187 402.570990
5 541 10541 136 P040 GIF -106.238699 345.270122
5 542 10542 136 P097 GIF -82.723494 401.684714
5 106 10106 4 M00469 POS 7.300720 185.887915
5 62 10062 4 M01065 POS 45.499905 157.164779
5 144 10144 4 M01075 POS -13.734507 209.118994
5 54 10054 4 M01107 POS 42.228286 147.252660
5 269 10269 4 M01228 POS -28.671434 279.702506
5 181 10181 4 M01232 POS 36.918962 247.539807
5 194 10194 4 M01257 POS 60.489123 261.779732
5 71 10071 4 M01387 POS 48.697418 167.018980
5 91 10091 4 M01403 POS 44.908434 184.713319
5 64 10064 4 M01496 POS 24.976404 152.805221
5 97 10097 4 M01497 POS -16.514843 171.716864
5 128 10128 4 M01501 POS 23.999054 207.917304
5 104 10104 4 M01502 POS 27.716926 190.311490
5 73 10073 4 M01530 POS 28.306651 162.705688
5 93 10093 4 M01544 POS 24.501262 180.393030
5 95 10095 4 M01553 POS 4.050508 176.011574
5 105 10105 4 M01585 POS 17.533930 188.131496
5 155 10155 4 M01613 POS 9.966350 223.325456
5 120 10120 4 M01615 POS -20.175034 189.248238
5 83 10083 4 M01636 POS 21.257272 170.530809
5 74 10074 4 M01637 POS 18.021732 160.557229
5 110 10110 4 M01638 POS -33.688798 177.270271
5 80 10080 4 M01648 POS 51.923962 177.020712
5 387 10387 4 M01650 POS -29.498416 334.929049
5 139 10139 4 M01666 POS 37.422899 219.963151
5 211 10211 4 M01686 POS 43.353121 267.300434
5 133 10133 4 M01706 POS -27.191269 197.085884
5 63 10063 4 M01725 POS 35.244079 154.987123
5 31 10031 4 M01739 POS -21.701975 96.847987
5 115 10115 4 M01783 POS 30.994758 200.174900
5 491 10491 4 M01841 POS -23.371246 382.833099
5 215 10215 4 M01847 POS 2.498158 258.647209
5 132 10132 4 M01938 POS -16.973309 199.237563
5 158 10158 4 M01976 POS -20.709838 216.854661
5 121 10121 4 M01978 POS -30.407902 187.209123
5 145 10145 4 M01980 POS -23.932933 206.974302
5 85 10085 4 M02044 POS 0.861739 166.102391
5 102 10102 4 M02068 POS 48.143770 194.569922
5 55 10055 4 M02100 POS 31.985024 145.080451
5 268 10268 4 M02173 POS -18.416158 281.811197
5 81 10081 4 M02265 POS 41.789698 174.856048
5 92 10092 4 M02292 POS 34.678756 182.546984
5 333 10333 4 M02302 POS 96.540406 343.472190
5 103 10103 4 M02306 POS 37.989277 192.430550
5 130 10130 4 M02308 POS 3.470663 203.514781
5 143 10143 4 M02310 POS -3.531010 211.271369
5 157 10157 4 M02314 POS -10.515436 219.023957
5 431 10431 4 M02349 POS -33.234547 352.676404
5 409 10409 4 M02361 POS -36.450803 342.753179
5 274 10274 4 M02395 POS -79.579736 268.994740
5 142 10142 4 M02402 POS 6.656250 213.374458
5 131 10131 4 M02416 POS -6.817270 201.379946
5 84 10084 4 M02417 POS 11.040074 168.306670
5 117 10117 4 M02418 POS 10.520998 195.783408
5 292 10292 4 M02434 POS -76.335136 278.880624
5 473 10473 4 M02439 POS -26.672509 372.739388
5 118 10118 4 M02445 POS 0.251180 193.691434
5 72 10072 4 M02447 POS 38.467706 164.883020
5 82 10082 4 M02452 POS 31.499867 172.651694
5 109 10109 4 M02462 POS -23.456898 179.412792
5 182 10182 4 M02468 POS 26.682488 245.353429
5 453 10453 4 M02475 POS -29.872505 362.758462
5 184 10184 4 M02481 POS 6.228042 241.032778
5 94 10094 4 M02489 POS 14.199796 178.179904
5 119 10119 4 M02518 POS -10.046959 191.466504
5 116 10116 4 M02528 POS 20.762815 198.024863
5 141 10141 4 M02540 POS 16.938254 215.575146
5 86 10086 4 M02552 POS -9.485378 163.936476
5 114 10114 4 M02553 POS 41.200462 202.303620
5 108 10108 4 M02557 POS -13.258165 181.587800
5 129 10129 4 M02562 POS 13.684729 205.691194
5 310 10310 4 M02565 POS -73.137985 288.809900
5 508 10508 4 M02569 POS -30.435727 390.670903
5 166 10166 4 M02608 POS 43.912246 239.758192
5 492 10492 4 M02648 POS -33.605071 380.623460
5 256 10256 4 M02705 POS -72.641035 261.221027
5 140 10140 4 M02709 POS 27.200110 217.796327
5 474 10474 4 M02720 POS -36.849452 370.562948
5 454 10454 4 M02729 POS -40.116351 360.544664
5 180 10180 4 M02790 POS 47.135625 249.727665
5 245 10245 4 M02833 POS 39.581850 284.935513
5 314 10314 4 M02854 POS 83.145040 331.260133
5 432 10432 4 M02874 POS -43.388325 350.532072
5 410 10410 4 M02905 POS -46.632296 340.589789
5 311 10311 4 M02966 POS -83.318567 286.648617
5 509 10509 4 M03003 POS -40.633722 388.466507
5 90 10090 4 M03005 POS 55.163293 186.843727
5 467 10467 4 M03007 POS 34.540217 385.878485
5 262 10262 4 M03029 POS 42.831528 294.872642
5 197 10197 4 M03100 POS 29.882841 255.250158
5 493 10493 4 M03101 POS -43.786103 378.445808
5 475 10475 4 M03115 POS -47.061549 368.425371
5 183 10183 4 M03123 POS 16.451863 243.147731
5 455 10455 4 M03126 POS -50.294937 358.399403
5 433 10433 4 M03134 POS -53.621473 348.389793
5 313 10313 4 M03146 POS 93.332362 333.504032
5 397 10397 4 M03193 POS 85.901828 369.070952
5 196 10196 4 M03202 POS 40.102335 257.421679
5 169 10169 4 M03254 POS 13.196241 233.216591
5 164 10164 4 M03271 POS 64.307272 244.088652
5 355 10355 4 M03311 POS 79.442781 348.991211
5 441 10441 4 M03324 POS 92.517431 389.209575
5 154 10154 4 M03379 POS 20.166625 225.523996
5 326 10326 4 M03468 POS -39.238358 305.115597
5 462 10462 4 M03507 POS 85.517264 397.076853
5 442 10442 4 M03558 POS 82.261473 386.982000
5 376 10376 4 M03614 POS 82.666866 359.006812
5 377 10377 4 M03639 POS 72.476409 356.767364
5 242 10242 4 M03783 POS 70.168510 291.464033
5 351 10351 4 M03842 POS -87.083734 304.353300
5 463 10463 4 M03845 POS 75.297206 394.819358
5 464 10464 4 M03955 POS 65.148608 392.562895
5 112 10112 4 M04009 POS 61.543270 206.644015
5 419 10419 4 M04038 POS 89.186778 379.083295
5 411 10411 4 M04066 POS -56.879064 338.509686
5 390 10390 4 M04101 POS -60.128510 328.560711
5 330 10330 4 M04103 POS -80.102654 296.561161
5 177 10177 4 M04140 POS 77.678126 256.264258
5 210 10210 4 M04147 POS 53.545925 269.485395
5 224 10224 4 M04244 POS 77.145562 283.746302
5 449 10449 4 M04271 POS 10.909389 371.484954
5 318 10318 4 M04375 POS 42.306432 322.504264
5 192 10192 4 M04382 POS 80.879597 266.130317
5 113 10113 4 M04401 POS 51.375074 204.459314
5 178 10178 4 M04433 POS 67.498667 254.029790
5 168 10168 4 M04523 POS 23.384735 235.390886
5 369 10369 4 M04657 POS -63.331193 318.565083
5 352 10352 4 M04667 POS 110.057292 355.723143
5 229 10229 4 M04685 POS 26.122199 272.842744
5 208 10208 4 M04759 POS 73.916308 273.831510
5 125 10125 4 M04769 POS 54.576365 214.395017
5 228 10228 4 M04777 POS 36.319370 275.032095
5 329 10329 4 M04783 POS -69.894417 298.712705
5 349 10349 4 M04789 POS -66.587937 308.669004
5 338 10338 4 M04797 POS 45.585828 332.420717
5 435 10435 4 M04804 POS -74.053120 344.221909
5 422 10422 4 M04829 POS 58.596235 372.396602
5 198 10198 4 M04877 POS 19.637230 253.033141
5 371 10371 4 M04881 POS -83.761464 314.264932
5 193 10193 4 M04919 POS 70.727171 263.920768
5 358 10358 4 M04948 POS 48.853460 342.396428
5 420 10420 4 M04985 POS 78.933770 376.870476
5 101 10101 4 M04988 POS 58.370039 196.776375
5 392 10392 4 M05071 POS -80.493907 324.195323
5 510 10510 4 M05078 POS -50.811408 386.296744
5 163 10163 4 M05079 POS 74.458607 246.246905
5 137 10137 4 M05080 POS 57.836924 224.283707
5 261 10261 4 M05193 POS 53.013170 297.040504
5 299 10299 4 M05241 POS 39.105097 312.527296
5 436 10436 4 M05267 POS -84.341297 342.028114
5 323 10323 4 M05325 POS -8.617253 311.588678
5 152 10152 4 M05349 POS 40.671081 229.883193
5 136 10136 4 M05391 POS 68.039537 226.460150
5 124 10124 4 M05408 POS 64.815309 216.565662
5 179 10179 4 M05435 POS 57.285312 251.883275
5 225 10225 4 M05522 POS 66.929483 281.609614
5 167 10167 4 M05523 POS 33.650845 237.584221
5 345 10345 4 M05629 POS -25.783324 317.209193
5 380 10380 4 M05630 POS 41.852180 350.206915
5 45 10045 4 M05644 POS -25.566990 114.490237
5 325 10325 4 M05686 POS -29.072675 307.287603
5 60 10060 4 M05688 POS -19.201539 134.292757
5 26 10026 4 M05689 POS 29.333867 107.646196
5 43 10043 4 M05698 POS -4.999466 118.794004
5 190 10190 4 M05700 POS -55.062232 228.149593
5 107 10107 4 M05720 POS -3.003257 183.725280
5 161 10161 4 M05723 POS -51.334963 210.396932
5 42 10042 4 M05739 POS 5.151216 120.955196
5 59 10059 4 M05745 POS -8.871684 136.420444
5 96 10096 4 M05753 POS -6.218529 173.846215
5 189 10189 4 M05755 POS -44.859216 230.236291
5 51 10051 4 M05770 POS -12.014640 126.551545
5 69 10069 4 M05771 POS -26.163617 141.930116
5 78 10078 4 M05772 POS -22.930967 151.903450
5 87 10087 4 M05773 POS -19.709258 161.786727
5 35 10035 4 M05775 POS 2.013946 111.109494
5 22 10022 4 M05776 POS 15.959751 95.555446
5 48 10048 4 M05777 POS 18.556088 133.094514
5 49 10049 4 M05778 POS 8.414427 130.928757
5 33 10033 4 M05779 POS 22.342557 115.433389
5 56 10056 4 M05786 POS 21.786839 142.922936
5 27 10027 4 M05787 POS 19.139597 105.498048
5 21 10021 4 M05789 POS 26.158280 97.761872
5 490 10490 4 M05935 POS -13.240991 384.996928
5 257 10257 4 M05936 POS 93.799563 305.799817
5 518 10518 4 M05937 POS 3.511893 407.460561
5 127 10127 4 M05938 POS 34.127427 210.056858
5 505 10505 4 M05940 POS 0.227244 397.254576
5 489 10489 4 M05941 POS -3.002210 387.181404
5 205 10205 4 M05942 POS -51.772855 238.022538
5 304 10304 4 M06195 POS -11.864284 301.661128
5 240 10240 4 M06198 POS 90.629571 295.882025
5 223 10223 4 M06199 POS 87.352724 285.920213
5 519 10519 4 M06201 POS -6.699919 405.252397
5 506 10506 4 M06202 POS -9.969502 395.049589
5 399 10399 4 M06212 POS 65.519426 364.640029
5 373 10373 4 M06341 POS 113.267725 365.667736
5 394 10394 4 M06343 POS 116.526858 375.822536
5 353 10353 4 M06344 POS 99.804478 353.495902
5 395 10395 4 M06462 POS 106.276271 373.564244
5 332 10332 4 M06463 POS 106.799915 345.601047
5 312 10312 4 M06464 POS 103.561628 335.699239
5 417 10417 4 M06466 POS 109.589278 383.612586
5 416 10416 4 M06467 POS 119.841097 385.869909
5 374 10374 4 M06487 POS 103.089835 363.454066
5 354 10354 4 M06491 POS 89.564861 351.272308
5 375 10375 4 M06497 POS 92.863250 361.283445
5 396 10396 4 M06498 POS 96.100746 371.293391
5 440 10440 4 M06499 POS 102.758846 391.486629
5 418 10418 4 M06500 POS 99.397444 381.324897
5 334 10334 4 M06501 POS 86.403205 341.194904
5 123 10123 4 M06583 POS -50.804596 182.869522
5 424 10424 4 M06664 POS 38.131859 368.010545
5 335 10335 4 M06665 POS 76.124496 339.042521
5 267 10267 4 M06756 POS -8.169001 283.963497
5 250 10250 4 M06757 POS -11.432455 274.102107
5 324 10324 4 M06758 POS -18.864872 309.419851
5 305 10305 4 M06759 POS -22.129014 299.503493
5 226 10226 4 M06815 POS 56.807443 279.417469
5 306 10306 4 M06817 POS -32.322641 297.343585
5 525 10525 4 M06818 POS -67.995097 392.097893
5 494 10494 4 M06819 POS -54.029167 376.273058
5 526 10526 4 M06820 POS -78.118901 389.982173
5 511 10511 4 M06821 POS -61.033500 384.154544
5 512 10512 4 M06822 POS -71.174460 382.004864
5 207 10207 4 M06823 POS 84.179837 275.975644
5 524 10524 4 M06824 POS -57.625329 394.238541
5 246 10246 4 M06825 POS 29.395043 282.776127
5 458 10458 4 M06827 POS -80.958407 351.970716
5 434 10434 4 M06828 POS -63.798692 346.288162
5 39 10039 4 M02281 POS 35.838859 127.472345
5 342 10342 4 M06849 POS 4.818178 323.702452
5 176 10176 4 M06850 POS -58.296008 218.192655
5 221 10221 4 M06851 POS -58.779482 245.749743
5 222 10222 4 M06852 POS -68.945968 243.588188
5 362 10362 4 M06853 POS 8.029703 333.683103
5 46 10046 4 M06854 POS 39.042581 137.341553
5 32 10032 4 M06855 POS 32.648036 117.645062
5 191 10191 4 M06856 POS -65.225626 225.935829
5 383 10383 4 M06860 POS 11.321675 343.670966
5 151 10151 4 M06861 POS 50.846907 232.036337
5 165 10165 4 M06862 POS 54.087455 241.918355
5 415 10415 4 M06863 POS -97.691619 329.879604
5 372 10372 4 M06864 POS -93.973952 312.125564
5 414 10414 4 M06865 POS -87.474927 332.003505
5 393 10393 4 M06866 POS -90.733795 322.098248
5 276 10276 4 M06869 POS 86.844231 313.608092
5 277 10277 4 M06871 POS 76.659262 311.364414
5 295 10295 4 M06873 POS 79.892449 321.289306
5 243 10243 4 M06874 POS 59.934290 289.337847
5 281 10281 4 M06875 POS 35.850460 302.626042
5 301 10301 4 M06876 POS 18.707895 308.270660
5 302 10302 4 M06877 POS 8.451309 305.966397
5 284 10284 4 M06878 POS 5.284359 296.064035
5 283 10283 4 M06879 POS 15.411289 298.279543
5 265 10265 4 M06880 POS 12.235731 288.299277
5 231 10231 4 M06881 POS 5.702227 268.503537
5 249 10249 4 M06882 POS -1.277898 276.273216
5 266 10266 4 M06883 POS 2.023509 286.143825
5 248 10248 4 M06885 POS 8.903842 278.400684
5 244 10244 4 M06886 POS 49.781703 287.158029
5 241 10241 4 M06887 POS 80.380946 293.679551
5 258 10258 4 M06889 POS 83.643874 303.588846
5 259 10259 4 M06890 POS 73.425781 301.431012
5 293 10293 4 M01419 POS 100.305184 325.660700
5 294 10294 4 M06892 POS 90.116720 323.470329
5 195 10195 4 M06893 POS 50.289281 259.648964
5 286 10286 4 M06895 POS -15.147282 291.743171
5 275 10275 4 M01421 POS 97.045618 315.748352
5 282 10282 4 M06932 POS 25.630637 300.456175
5 212 10212 4 M06933 POS 33.101884 265.145595
5 213 10213 4 M06934 POS 22.903105 262.990637
5 456 10456 4 M06943 POS -60.517912 356.250924
5 209 10209 4 M06944 POS 63.756412 271.673176
5 486 10486 4 M06946 POS 27.599201 393.769234
5 468 10468 4 M06947 POS 24.311846 383.692285
5 448 10448 4 M06948 POS 21.045014 373.687067
5 264 10264 4 M06962 POS 22.412741 290.496964
5 247 10247 4 M06963 POS 19.179112 280.566837
5 230 10230 4 M06964 POS 15.892401 270.679263
5 445 10445 4 M06971 POS 51.655335 380.277203
5 423 10423 4 M06972 POS 48.353028 370.191683
5 426 10426 4 M06974 POS 17.779429 363.602552
5 404 10404 4 M06975 POS 14.557079 353.623908
5 502 10502 4 M06976 POS 30.869031 403.897417
5 465 10465 4 M06977 POS 54.913941 390.347548
5 483 10483 4 M06978 POS 58.188685 400.491324
5 379 10379 4 M06979 POS 52.078794 352.375876
5 400 10400 4 M06980 POS 55.292889 362.451847
5 288 10288 4 M06981 POS -35.568180 287.491504
5 366 10366 4 M06982 POS -32.712468 324.983251
5 346 10346 4 M06983 POS -35.969258 315.079095
5 307 10307 4 M06985 POS -42.496615 295.232331
5 289 10289 4 M06986 POS -45.765875 285.300620
5 287 10287 4 M06987 POS -25.374050 289.626435
5 263 10263 4 M06990 POS 32.598882 292.679236
5 278 10278 4 M06992 POS 66.484227 309.154866
5 328 10328 4 M06993 POS -59.655281 300.820061
5 322 10322 4 M07009 POS 1.528511 313.755043
5 303 10303 4 M07010 POS -1.688252 303.805033
5 488 10488 4 M07026 POS 7.230584 389.383974
5 443 10443 4 M07029 POS 72.025743 384.765287
5 444 10444 4 M07030 POS 61.871769 382.545935
5 484 10484 4 M07031 POS 48.029652 398.229401
5 378 10378 4 M07032 POS 62.274926 354.574134
5 421 10421 4 M07034 POS 68.738373 374.653856
5 300 10300 4 M07038 POS 28.874202 310.391485
5 339 10339 4 M07039 POS 35.417365 330.232409
5 279 10279 4 M07040 POS 56.254697 306.988568
5 319 10319 4 M07041 POS 32.121989 320.339322
5 357 10357 4 M07042 POS 59.030225 344.590999
5 485 10485 4 M07043 POS 37.795413 395.982290
5 149 10149 4 M07049 POS 71.261771 236.340389
5 153 10153 4 M07050 POS 30.399408 227.708161
5 405 10405 4 M07057 POS 4.385920 351.509816
5 427 10427 4 M07058 POS 7.615697 361.533035
5 235 10235 4 M07059 POS -35.130590 259.923060
5 227 10227 4 M07073 POS 46.580034 277.213456
5 437 10437 4 M07076 POS -94.424876 339.883435
5 459 10459 4 M07077 POS -91.138365 349.855296
5 384 10384 4 M07078 POS 1.176034 341.489201
5 363 10363 4 M07079 POS -2.162104 331.483479
5 343 10343 4 M07080 POS -5.409056 321.526953
5 309 10309 4 M07081 POS -62.933499 290.970946
5 412 10412 4 M07082 POS -67.075535 336.364272
5 391 10391 4 M07083 POS -70.304332 326.370774
5 370 10370 4 M07084 POS -73.522725 316.447533
5 350 10350 4 M07085 POS -76.804842 306.509645
5 413 10413 4 M07089 POS -77.236155 334.216710
5 522 10522 4 M07091 POS -37.275354 398.612866
5 348 10348 4 M07092 POS -56.432175 310.789649
5 521 10521 4 M07093 POS -27.106133 400.832942
5 507 10507 4 M07094 POS -20.161934 392.866462
5 425 10425 4 M07097 POS 27.981809 365.798881
5 470 10470 4 M07098 POS 3.960594 379.316587
5 487 10487 4 M07100 POS 17.382550 391.577856
5 126 10126 4 M07102 POS 44.434597 212.212553
5 138 10138 4 M07104 POS 47.635485 222.125448
5 356 10356 4 M07116 POS 69.209265 346.834963
5 450 10450 4 M07119 POS 0.687189 369.321746
5 428 10428 4 M07120 POS -2.611617 359.240755
5 406 10406 4 M07121 POS -5.847896 349.328622
5 385 10385 4 M07122 POS -9.045972 339.267556
5 364 10364 4 M07123 POS -12.369042 329.326175
5 471 10471 4 M07124 POS -6.258734 377.139190
5 451 10451 4 M07125 POS -9.474985 367.120398
5 5 10005 4 M07130 POS 13.349955 58.101616
5 429 10429 4 M07132 POS -12.787148 357.030467
5 503 10503 4 M07133 POS 20.622845 401.667063
5 469 10469 4 M07134 POS 14.175381 381.513419
5 520 10520 4 M07137 POS -16.866657 403.032099
5 504 10504 4 M07138 POS 10.485878 399.475277
5 477 10477 4 M07139 POS -67.478725 364.120203
5 457 10457 4 M07140 POS -70.782384 354.135950
5 495 10495 4 M07142 POS -64.220923 374.138005
5 476 10476 4 M07143 POS -57.301454 366.390853
5 344 10344 4 M07144 POS -15.590650 319.375163
5 285 10285 4 M07145 POS -4.978270 293.932174
5 368 10368 4 M07146 POS -53.141455 320.686856
5 389 10389 4 M07147 POS -49.883546 330.645747
5 308 10308 4 M07148 POS -52.711584 293.089126
5 327 10327 4 M07149 POS -49.492755 302.990028
5 347 10347 4 M07150 POS -46.229914 312.908099
5 367 10367 4 M07151 POS -42.907572 322.800866
5 388 10388 4 M07152 POS -39.664305 332.794913
5 98 10098 4 M07161 POS -26.723027 169.508537
5 89 10089 4 M07162 POS -40.155182 157.491935
5 70 10070 4 M07163 POS -36.332585 139.813793
5 111 10111 4 M07164 POS -43.891971 175.237260
5 317 10317 4 M07166 POS 52.551056 324.645364
5 337 10337 4 M07167 POS 55.801997 334.647994
5 297 10297 4 M07168 POS 59.500038 316.884439
5 402 10402 4 M07169 POS 34.885306 358.070658
5 260 10260 4 M07170 POS 63.230884 299.221666
5 1 10001 4 M07171 POS 6.887866 38.380551
5 0 10000 4 M07172 POS 3.655182 28.490178
5 53 10053 4 M07182 POS -32.628074 122.232417
5 99 10099 4 M07183 POS -36.872107 167.367501
5 398 10398 4 M07211 POS 75.703743 366.872378
5 44 10044 4 M07217 POS -15.246000 116.634809
5 52 10052 4 M07218 POS -22.338861 124.371757
5 407 10407 4 M07221 POS -16.067677 347.079901
5 386 10386 4 M07222 POS -19.293327 337.118991
5 365 10365 4 M07223 POS -22.555416 327.136109
5 10 10010 4 M07227 POS -3.930043 63.776751
5 9 10009 4 M07230 POS 6.299423 65.892498
5 6 10006 4 M07233 POS 3.024475 55.993723
5 472 10472 4 M07237 POS -16.466041 374.938409
5 452 10452 4 M07238 POS -19.688122 364.939896
5 341 10341 4 M07239 POS 14.972150 325.906734
5 361 10361 4 M07240 POS 18.259037 335.847847
5 382 10382 4 M07241 POS 21.471310 345.783304
5 403 10403 4 M07242 POS 24.771316 355.835793
5 320 10320 4 M07243 POS 21.968440 318.112994
5 298 10298 4 M07244 POS 49.288924 314.737460
5 523 10523 4 M07256 POS -47.465358 396.418978
5 430 10430 4 M07258 POS -23.037204 354.888571
5 316 10316 4 M07259 POS 62.757514 326.921680
5 296 10296 4 M07260 POS 69.741763 319.063905
5 446 10446 4 M07261 POS 41.485849 378.077897
5 408 10408 4 M07273 POS -26.272979 344.913866
5 76 10076 4 M07274 POS -2.489915 156.226037
5 252 10252 4 M07275 POS -31.839027 269.820971
5 67 10067 4 M07276 POS -5.634773 146.308958
5 37 10037 4 M07278 POS -18.532651 106.730075
5 68 10068 4 M07281 POS -15.902325 144.175500
5 40 10040 4 M07282 POS 25.611813 125.314469
5 175 10175 4 M07283 POS -48.107338 220.397698
5 401 10401 4 M07297 POS 45.157574 360.207711
5 466 10466 4 M07299 POS 44.672096 388.127062
5 280 10280 4 M07305 POS 46.050225 304.797561
5 336 10336 4 M07306 POS 65.956531 336.845997
5 381 10381 4 M07307 POS 31.716629 348.021266
5 360 10360 4 M07308 POS 28.434755 338.031251
5 359 10359 4 M07309 POS 38.593857 340.265510
5 315 10315 4 M07310 POS 72.914418 329.103892
5 340 10340 4 M07311 POS 25.175649 328.102134
5 447 10447 4 M07313 POS 31.269891 375.857962
5 272 10272 4 M07321 POS -59.199441 273.282986
5 273 10273 4 M07322 POS -69.374863 271.147004
5 290 10290 4 M07328 POS -55.951885 283.165972
5 271 10271 4 M07329 POS -48.977148 275.441722
5 220 10220 4 M07331 POS -48.543629 247.891120
5 217 10217 4 M07333 POS -17.906469 254.341436
5 77 10077 4 M07338 POS -12.699637 154.046150
5 201 10201 4 M07347 POS -10.993747 246.595864
5 291 10291 4 M07348 POS -66.159795 281.043290
5 255 10255 4 M07349 POS -62.500392 263.416272
5 173 10173 4 M07372 POS -27.714042 224.658823
5 174 10174 4 M07373 POS -37.853337 222.457636
5 218 10218 4 M07382 POS -28.135696 252.199102
5 203 10203 4 M07383 POS -31.359599 242.250314
5 253 10253 4 M07386 POS -42.063011 267.718595
5 204 10204 4 M07387 POS -41.583964 240.136309
5 188 10188 4 M07388 POS -34.598886 232.361216
5 219 10219 4 M07389 POS -38.335255 250.040031
5 236 10236 4 M07390 POS -45.306395 257.785251
5 270 10270 4 M07391 POS -38.789399 277.599518
5 233 10233 4 M07392 POS -14.681779 264.231969
5 29 10029 4 M07402 POS -1.278973 101.166394
5 36 10036 4 M07412 POS -8.251982 108.921804
5 16 10016 4 M07413 POS 22.922076 87.836244
5 232 10232 4 M07437 POS -4.502960 266.367441
5 171 10171 4 M07438 POS -7.250094 228.975387
5 170 10170 4 M07447 POS 2.932363 231.116505
5 202 10202 4 M07452 POS -21.153517 244.393932
5 25 10025 4 M07462 POS -14.716161 89.097245
5 61 10061 4 M07463 POS -29.416382 132.054530
5 19 10019 4 M07464 POS -7.660836 81.378938
5 15 10015 4 M07466 POS -11.001625 71.473671
5 24 10024 4 M07468 POS -4.430408 91.284135
5 30 10030 4 M07470 POS -11.438672 99.021880
5 7 10007 4 M07471 POS -7.167730 53.877323
5 14 10014 4 M07473 POS -0.658462 73.649310
5 4 10004 4 M07475 POS -0.134538 46.115787
5 18 10018 4 M07476 POS 2.556959 83.491609
5 187 10187 4 M07485 POS -24.466404 234.541364
5 172 10172 4 M07487 POS -17.486245 226.785145
5 3 10003 4 M07490 POS 10.008985 48.277025
5 12 10012 4 M07492 POS 19.759699 77.947853
5 162 10162 4 M07504 POS -61.489228 208.249483
5 200 10200 4 M07506 POS -0.737291 248.701425
5 156 10156 4 M07507 POS -0.281233 221.169779
5 251 10251 4 M07508 POS -21.643781 272.034482
5 186 10186 4 M07511 POS -14.224506 236.687320
5 234 10234 4 M07512 POS -24.924914 262.029481
5 254 10254 4 M07532 POS -52.301309 265.508053
5 122 10122 4 M07547 POS -40.570368 185.034398
5 148 10148 4 M02055 POS -54.531494 200.492011
5 237 10237 4 M07553 POS -55.456245 255.648745
5 214 10214 4 M07570 POS 12.701557 260.820819
5 185 10185 4 M07571 POS -3.964915 238.829027
5 47 10047 4 M07572 POS 28.795866 135.172995
5 199 10199 4 M07587 POS 9.479106 250.888089
5 2 10002 4 M07599 POS -3.403204 36.246877
5 23 10023 4 M07600 POS 5.779398 93.401964
5 8 10008 4 M07607 POS 16.539463 68.005619
5 238 10238 4 M07611 POS -65.736111 253.495818
5 135 10135 4 M07614 POS -47.600310 192.779209
5 147 10147 4 M07615 POS -44.305066 202.664462
5 146 10146 4 M07617 POS -34.102830 204.815530
5 159 10159 4 M07619 POS -30.956474 214.688016
5 160 10160 4 M07620 POS -41.108143 212.563131
5 13 10013 4 M07622 POS 9.526966 75.765033
5 134 10134 4 M07624 POS -37.374563 194.914378
5 28 10028 4 M07632 POS 8.992103 103.297754
5 34 10034 4 M07633 POS 12.218063 113.242924
5 65 10065 4 M07636 POS 14.805245 150.697033
5 66 10066 4 M07637 POS 4.632808 148.478359
5 41 10041 4 M07638 POS 15.410900 123.102781
5 57 10057 4 M07639 POS 11.615658 140.853077
5 58 10058 4 M07644 POS 1.413071 138.596873
5 50 10050 4 M07645 POS -1.787791 128.724987
5 216 10216 4 M07646 POS -7.758641 256.501784
5 17 10017 4 M07657 POS 12.745723 85.670629
5 206 10206 4 M07659 POS -61.976051 235.838871
5 79 10079 4 M07756 POS -33.146406 149.712961
5 100 10100 4 M07757 POS -47.087745 165.228146
5 20 10020 4 M07758 POS -17.925101 79.203741
5 88 10088 4 M07759 POS -29.922831 159.638996
5 461 10461 260 M01727 ETC 95.782264 399.373188
5 501 10501 260 M06214 ETC 41.066988 406.165069
6 534 11534 8 P021 FIF -281.942727 295.079379
6 75 11075 8 P022 FIF -86.975453 132.498513
6 517 11517 8 P028 FIF -230.014353 339.576664
6 496 11496 8 P041 FIF -279.105834 257.267945
6 439 11439 8 P055 FIF -139.839955 384.849508
6 239 11239 8 P057 FIF -208.984600 158.559406
6 321 11321 8 P061 FIF -176.342716 262.630634
6 482 11482 8 P070 FIF -181.627824 365.938990
6 11 11011 65544 P077 FIF -47.441275 41.420589
6 150 11150 8 P095 FIF -88.110212 225.513500
6 542 11542 136 P020 GIF -302.809405 276.632433
6 541 11541 65672 P032 GIF -288.714953 216.946485
6 526 11526 4 M00411 POS -292.404943 269.533601
6 525 11525 4 M00470 POS -285.409435 277.293547
6 365 11365 4 M00795 POS -210.579226 251.429533
6 212 11212 4 M00934 POS -129.059391 233.995926
6 511 11511 4 M01028 POS -275.195371 274.999438
6 512 11512 4 M01042 POS -282.122362 267.217801
6 495 11495 4 M01049 POS -271.875019 264.986294
6 472 11472 4 M01073 POS -233.698609 293.689486
6 364 11364 4 M01074 POS -203.598499 259.245497
6 323 11323 4 M01076 POS -190.194786 246.970069
6 476 11476 4 M01078 POS -261.576584 262.705217
6 452 11452 4 M01080 POS -230.535540 283.647046
6 304 11304 4 M01083 POS -186.933868 237.083792
6 477 11477 4 M01085 POS -268.655000 254.960787
6 359 11359 4 M01087 POS -168.801729 297.998137
6 428 11428 4 M01091 POS -213.256965 289.137090
6 488 11488 4 M01102 POS -223.123672 319.258726
6 286 11286 4 M01105 POS -183.793507 227.151463
6 456 11456 4 M01106 POS -258.378796 252.667969
6 380 11380 4 M01108 POS -172.050036 307.963220
6 319 11319 4 M01130 POS -162.303884 278.074107
6 431 11431 4 M01131 POS -234.248271 265.823340
6 450 11450 4 M01149 POS -216.573488 299.146366
6 281 11281 4 M01169 POS -148.952607 265.845697
6 409 11409 4 M01186 POS -231.014080 255.848996
6 470 11470 4 M01203 POS -219.779955 309.218723
6 263 11263 4 M01206 POS -145.697314 255.999168
6 194 11194 4 M01207 POS -104.902554 247.359609
6 179 11179 4 M01209 POS -101.673440 237.468116
6 243 11243 4 M01211 POS -121.566099 269.332055
6 508 11508 4 M01212 POS -254.210135 298.236718
6 492 11492 4 M01216 POS -250.954835 288.137453
6 474 11474 4 M01240 POS -247.622480 278.156311
6 454 11454 4 M01245 POS -244.418487 268.141649
6 521 11521 4 M01246 POS -257.514573 308.369188
6 246 11246 4 M01247 POS -142.499144 246.084971
6 226 11226 4 M01264 POS -118.306501 259.411887
6 209 11209 4 M01268 POS -108.126873 257.260402
6 230 11230 4 M01272 POS -146.248590 228.353291
6 247 11247 4 M01276 POS -149.414010 238.295768
6 471 11471 4 M01286 POS -226.758303 301.442351
6 264 11264 4 M01296 POS -152.661142 248.233090
6 213 11213 4 M01297 POS -136.097546 226.241996
6 360 11360 4 M01327 POS -175.685593 290.223996
6 229 11229 4 M01341 POS -139.250876 236.122316
6 282 11282 4 M01344 POS -155.876841 258.159555
6 451 11451 4 M01345 POS -223.524761 291.394108
6 381 11381 4 M01348 POS -178.935451 300.199550
6 268 11268 4 M01360 POS -180.574293 217.185204
6 320 11320 4 M01361 POS -169.299228 270.299843
6 518 11518 4 M01362 POS -236.623158 331.708361
6 429 11429 4 M01364 POS -220.278203 281.344702
6 262 11262 4 M01374 POS -138.712252 263.725149
6 344 11344 4 M01376 POS -200.358396 249.239752
6 457 11457 4 M01382 POS -265.406204 244.962443
6 434 11434 4 M01480 POS -255.214296 242.645133
6 505 11505 4 M01482 POS -233.377950 321.568582
6 483 11483 4 M01485 POS -188.398732 358.203120
6 422 11422 4 M01489 POS -171.602799 335.742017
6 400 11400 4 M01490 POS -168.290775 325.746822
6 407 11407 4 M01493 POS -217.044000 271.356043
6 207 11207 4 M01511 POS -94.172076 272.750677
6 406 11406 4 M01519 POS -210.073145 279.155241
6 458 11458 4 M01522 POS -272.429246 237.205348
6 324 11324 4 M01536 POS -197.151370 239.327034
6 192 11192 4 M01537 POS -90.985365 262.872337
6 210 11210 4 M01541 POS -115.087120 249.548085
6 195 11195 4 M01543 POS -111.860210 239.588534
6 177 11177 4 M01555 POS -87.696452 252.974455
6 225 11225 4 M01562 POS -111.372552 267.172729
6 163 11163 4 M01563 POS -84.574800 243.038322
6 261 11261 4 M01565 POS -131.738812 271.497789
6 426 11426 4 M01568 POS -199.408152 304.663755
6 244 11244 4 M01586 POS -128.535778 261.613000
6 523 11523 4 M01627 POS -271.444390 292.819715
6 385 11385 4 M01667 POS -206.812079 269.159057
6 489 11489 4 M01672 POS -230.042372 311.481575
6 430 11430 4 M01673 POS -227.245916 273.574173
6 379 11379 4 M01679 POS -165.047698 315.707894
6 445 11445 4 M01684 POS -181.791579 338.042522
6 224 11224 4 M01726 POS -104.367416 274.922254
6 305 11305 4 M01728 POS -193.923793 229.342990
6 403 11403 4 M01730 POS -189.173790 302.424562
6 382 11382 4 M01741 POS -185.938789 292.409341
6 408 11408 4 M01745 POS -224.032124 263.598265
6 519 11519 4 M01749 POS -243.563486 323.913115
6 265 11265 4 M01750 POS -159.605430 240.474979
6 208 11208 4 M01751 POS -101.183429 265.029154
6 494 11494 4 M01755 POS -264.873420 272.700594
6 510 11510 4 M01768 POS -268.178490 282.665485
6 475 11475 4 M01771 POS -254.638040 270.391851
6 404 11404 4 M01782 POS -196.141119 294.660961
6 340 11340 4 M01792 POS -172.455288 280.232039
6 383 11383 4 M01794 POS -192.848396 284.639544
6 258 11258 4 M01795 POS -110.798451 294.779538
6 362 11362 4 M01804 POS -189.692339 274.697449
6 248 11248 4 M01806 POS -156.468066 230.536578
6 287 11287 4 M01807 POS -190.772437 219.392531
6 231 11231 4 M01809 POS -153.182785 220.638101
6 269 11269 4 M01811 POS -187.610513 209.513382
6 300 11300 4 M01813 POS -159.063843 268.110960
6 227 11227 4 M01823 POS -125.291910 251.667444
6 193 11193 4 M01824 POS -97.940872 255.106911
6 455 11455 4 M01830 POS -251.383894 260.394723
6 342 11342 4 M01831 POS -186.409136 264.753008
6 339 11339 4 M01837 POS -165.514003 288.002217
6 211 11211 4 M01838 POS -122.097993 241.781420
6 196 11196 4 M01849 POS -118.896719 231.889789
6 178 11178 4 M01850 POS -94.721972 245.245563
6 506 11506 4 M01860 POS -240.285830 313.793382
6 176 11176 4 M01861 POS -175.449622 142.270911
6 402 11402 4 M01881 POS -182.177921 310.194525
6 427 11427 4 M01886 POS -206.367500 296.864384
6 384 11384 4 M01887 POS -199.828374 276.943936
6 302 11302 4 M01889 POS -172.995298 252.565843
6 490 11490 4 M01909 POS -236.988132 303.726649
6 284 11284 4 M01918 POS -169.818698 242.650726
6 266 11266 4 M01922 POS -166.608360 232.688498
6 453 11453 4 M01923 POS -237.474657 275.862436
6 358 11358 4 M01925 POS -161.800714 305.752986
6 433 11433 4 M01926 POS -248.155191 250.350519
6 509 11509 4 M01927 POS -261.166652 290.461938
6 405 11405 4 M01929 POS -203.078038 286.870295
6 520 11520 4 M01931 POS -250.545979 316.127205
6 257 11257 4 M01933 POS -103.861154 302.539116
6 240 11240 4 M01934 POS -100.630283 292.609210
6 249 11249 4 M01935 POS -163.414790 222.828220
6 164 11164 4 M01941 POS -91.541913 235.316266
6 507 11507 4 M01943 POS -247.269422 305.987173
6 363 11363 4 M01947 POS -196.633471 266.936140
6 387 11387 4 M01948 POS -220.747087 253.657386
6 343 11343 4 M01954 POS -193.377528 256.969234
6 223 11223 4 M01955 POS -97.448715 282.681672
6 250 11250 4 M01956 POS -170.375187 215.049687
6 410 11410 4 M01957 POS -237.992367 248.096344
6 242 11242 4 M01958 POS -114.512018 277.096874
6 294 11294 4 M01966 POS -117.294948 314.717720
6 522 11522 4 M01971 POS -264.476062 300.563044
6 67 11067 4 M02015 POS -90.621979 115.039490
6 322 11322 4 M02078 POS -183.186536 254.795054
6 303 11303 4 M02108 POS -179.967119 244.832985
6 524 11524 4 M02260 POS -278.414204 285.014321
6 318 11318 4 M02264 POS -155.302545 285.823490
6 299 11299 4 M02279 POS -152.119111 275.847794
6 315 11315 4 M02280 POS -134.432752 309.103866
6 185 11185 4 M02305 POS -143.688869 190.904294
6 338 11338 4 M02364 POS -158.580050 295.717337
6 293 11293 4 M02373 POS -110.361628 322.450010
6 298 11298 4 M02398 POS -145.119433 283.597823
6 280 11280 4 M02410 POS -141.968588 273.670564
6 432 11432 4 M02411 POS -241.158626 258.090955
6 491 11491 4 M02424 POS -243.942101 295.980976
6 493 11493 4 M02425 POS -257.894228 280.401976
6 473 11473 4 M02451 POS -240.688708 285.888669
6 245 11245 4 M02464 POS -135.471644 253.819080
6 296 11296 4 M02485 POS -131.225704 299.117901
6 267 11267 4 M02486 POS -173.553261 225.000463
6 361 11361 4 M02517 POS -182.668887 282.457293
6 276 11276 4 M02550 POS -114.047871 304.760096
6 386 11386 4 M02556 POS -213.759745 261.369944
6 275 11275 4 M02560 POS -107.100545 312.527909
6 228 11228 4 M02561 POS -132.312739 243.857531
6 341 11341 4 M02563 POS -179.513993 272.474937
6 241 11241 4 M02602 POS -107.625323 284.857623
6 295 11295 4 M02604 POS -124.223796 306.883834
6 277 11277 4 M02605 POS -121.041380 296.958678
6 301 11301 4 M02611 POS -166.033989 260.335706
6 283 11283 4 M02623 POS -162.833610 250.432716
6 285 11285 4 M02624 POS -176.773282 234.907591
6 171 11171 4 M02683 POS -140.499826 180.978363
6 259 11259 4 M02703 POS -117.753139 286.995772
6 232 11232 4 M02721 POS -160.189752 212.868586
6 485 11485 4 M02861 POS -202.207640 342.617899
6 467 11467 4 M02866 POS -198.902497 332.472750
6 278 11278 4 M02891 POS -128.030492 289.183150
6 447 11447 4 M02967 POS -195.650078 322.482414
6 425 11425 4 M03114 POS -192.407491 312.415663
6 502 11502 4 M03125 POS -212.500432 344.882112
6 486 11486 4 M03252 POS -209.161004 334.800341
6 149 11149 4 M03307 POS -81.352525 233.155720
6 448 11448 4 M03326 POS -202.613181 314.712780
6 351 11351 4 M03341 POS -249.345110 195.113043
6 503 11503 4 M03368 POS -219.377855 337.099568
6 487 11487 4 M03389 POS -216.104998 327.041638
6 469 11469 4 M03393 POS -212.840200 316.970206
6 468 11468 4 M03415 POS -205.909181 324.772297
6 190 11190 4 M03731 POS -178.652649 152.176515
6 156 11156 4 M03827 POS -130.293044 178.783078
6 446 11446 4 M03831 POS -188.700838 330.220046
6 399 11399 4 M03841 POS -161.342014 333.503119
6 170 11170 4 M03870 POS -133.433577 188.712001
6 378 11378 4 M03974 POS -158.052933 323.468155
6 76 11076 4 M04299 POS -93.771927 124.988371
6 464 11464 4 M04408 POS -178.125183 355.892932
6 136 11136 4 M04420 POS -78.085818 223.167513
6 371 11371 4 M04437 POS -252.533271 205.021294
6 92 11092 4 M04602 POS -79.223740 168.083639
6 82 11082 4 M04619 POS -76.015035 158.168083
6 73 11073 4 M04622 POS -72.819627 148.260603
6 215 11215 4 M04725 POS -150.033409 210.725648
6 200 11200 4 M04727 POS -146.890960 200.780889
6 328 11328 4 M05513 POS -225.157941 208.345340
6 64 11064 4 M05554 POS -69.617446 138.317242
6 459 11459 4 M05559 POS -279.448613 229.455014
6 348 11348 4 M05573 POS -228.322221 218.295286
6 90 11090 4 M05581 POS -65.218307 183.614082
6 80 11080 4 M05582 POS -61.946459 173.738610
6 71 11071 4 M05588 POS -58.816345 163.762041
6 62 11062 4 M05602 POS -55.541819 153.896518
6 165 11165 4 M05638 POS -98.468139 227.552321
6 151 11151 4 M05639 POS -95.256010 217.655504
6 138 11138 4 M05640 POS -92.056838 207.690953
6 23 11023 4 M05641 POS -50.201608 78.958415
6 126 11126 4 M05642 POS -88.834376 197.796194
6 141 11141 4 M05705 POS -112.994248 184.380745
6 198 11198 4 M05706 POS -132.822759 216.319653
6 6 11006 4 M05707 POS -30.367373 47.196622
6 13 11013 4 M05709 POS -36.791440 66.965760
6 4 11004 4 M05711 POS -27.188830 37.317665
6 30 11030 4 M05713 POS -67.462185 73.423984
6 15 11015 4 M05715 POS -50.798810 51.474737
6 16 11016 4 M05716 POS -33.007827 84.601757
6 9 11009 4 M05717 POS -33.632853 57.014137
6 12 11012 4 M05721 POS -29.852374 74.709843
6 183 11183 4 M05727 POS -129.655235 206.445433
6 169 11169 4 M05728 POS -126.468186 196.515633
6 155 11155 4 M05729 POS -123.284543 186.572389
6 214 11214 4 M05730 POS -143.025451 218.450016
6 199 11199 4 M05731 POS -139.831065 208.530820
6 184 11184 4 M05732 POS -136.711433 198.626992
6 168 11168 4 M05733 POS -119.426730 204.247880
6 154 11154 4 M05734 POS -116.284716 194.343848
6 181 11181 4 M05735 POS -115.688560 222.015023
6 54 11054 4 M05736 POS -52.327302 143.973090
6 256 11256 4 M05740 POS -212.375500 168.642027
6 310 11310 4 M05741 POS -228.927926 190.650969
6 292 11292 4 M05742 POS -225.711449 180.706206
6 274 11274 4 M01576 POS -222.508753 170.846066
6 311 11311 4 M05744 POS -235.903779 182.930326
6 462 11462 4 M05747 POS -164.217550 371.506624
6 442 11442 4 M05748 POS -160.953736 361.438952
6 420 11420 4 M05749 POS -157.686435 351.326543
6 398 11398 4 M05750 POS -154.410540 341.295268
6 124 11124 4 M05751 POS -74.888520 213.304903
6 112 11112 4 M05756 POS -71.648381 203.379086
6 180 11180 4 M05757 POS -108.674198 229.677714
6 139 11139 4 M05758 POS -99.009482 199.934953
6 127 11127 4 M05759 POS -95.804810 190.041166
6 101 11101 4 M05760 POS -68.470056 193.469814
6 86 11086 4 M05761 POS -104.092416 127.121860
6 131 11131 4 M05762 POS -123.817434 158.997604
6 143 11143 4 M05763 POS -127.026882 168.849262
6 119 11119 4 M05764 POS -120.662150 149.038105
6 108 11108 4 M05765 POS -117.418204 139.192750
6 377 11377 4 M05768 POS -151.112185 331.237100
6 356 11356 4 M05784 POS -147.881794 321.301041
6 463 11463 4 M05785 POS -171.155519 363.679371
6 443 11443 4 M05792 POS -167.908545 353.612290
6 421 11421 4 M05793 POS -164.608904 343.514688
6 355 11355 4 M05854 POS -140.941083 329.015928
6 335 11335 4 M05856 POS -137.666498 319.086921
6 419 11419 4 M05857 POS -150.690069 359.131022
6 397 11397 4 M05858 POS -147.466923 349.075466
6 376 11376 4 M05859 POS -144.220087 339.045544
6 441 11441 4 M05885 POS -154.020485 369.249225
6 333 11333 4 M05886 POS -123.787530 334.652122
6 353 11353 4 M05890 POS -127.035001 344.671492
6 375 11375 4 M05891 POS -137.250620 346.814761
6 440 11440 4 M05901 POS -147.082784 377.058515
6 418 11418 4 M05902 POS -143.785434 366.935529
6 396 11396 4 M05903 POS -140.515349 356.845735
6 189 11189 4 M05964 POS -171.624314 159.924007
6 254 11254 4 M05966 POS -198.333665 184.105010
6 437 11437 4 M05973 POS -276.190657 219.472051
6 354 11354 4 M05985 POS -134.012966 336.851246
6 334 11334 4 M05986 POS -130.698445 326.830529
6 167 11167 4 M05998 POS -112.394152 212.075255
6 197 11197 4 M06004 POS -125.822951 224.055649
6 237 11237 4 M06005 POS -195.212439 174.185724
6 123 11123 4 M06007 POS -148.621182 118.078173
6 314 11314 4 M06008 POS -127.468270 316.901865
6 394 11394 4 M06010 POS -126.639819 372.535062
6 416 11416 4 M06013 POS -129.914306 382.605415
6 174 11174 4 M06026 POS -161.459243 157.787338
6 273 11273 4 M06027 POS -215.549287 178.570534
6 160 11160 4 M06028 POS -158.285890 147.835662
6 147 11147 4 M06029 POS -154.994671 137.881829
6 135 11135 4 M06030 POS -151.832318 128.045225
6 122 11122 4 M06031 POS -141.655378 125.855103
6 140 11140 4 M06032 POS -106.026555 192.174731
6 153 11153 4 M06033 POS -109.258452 202.187510
6 182 11182 4 M06034 POS -122.672067 214.213053
6 1 11001 4 M06037 POS -16.954285 35.165274
6 25 11025 4 M06038 POS -64.199791 63.523367
6 0 11000 4 M06039 POS -13.822173 25.228852
6 17 11017 4 M06040 POS -40.019682 76.823169
6 2 11002 4 M06041 POS -23.988728 27.375057
6 8 11008 4 M06045 POS -26.545220 64.788612
6 5 11005 4 M06046 POS -23.385328 54.958459
6 3 11003 4 M06047 POS -20.190539 45.011293
6 373 11373 4 M06054 POS -123.349966 362.456319
6 352 11352 4 M06056 POS -120.037266 352.470795
6 218 11218 4 M06082 POS -170.986010 187.486047
6 332 11332 4 M06090 POS -117.111518 342.281814
6 152 11152 4 M06119 POS -102.229864 209.954241
6 203 11203 4 M06120 POS -167.831652 177.561971
6 188 11188 4 M06121 POS -164.673521 167.658558
6 166 11166 4 M06124 POS -105.481355 219.787434
6 414 11414 4 M06125 POS -266.025697 217.224761
6 290 11290 4 M06126 POS -211.756547 196.202245
6 272 11272 4 M06128 POS -208.583361 186.286259
6 255 11255 4 M06129 POS -205.361831 176.384553
6 238 11238 4 M06130 POS -202.206542 166.479293
6 137 11137 4 M06131 POS -85.074163 215.434569
6 252 11252 4 M06132 POS -184.413564 199.549596
6 220 11220 4 M06133 POS -185.000445 172.012633
6 125 11125 4 M06134 POS -81.843273 205.516284
6 312 11312 4 M06153 POS -113.550553 332.450666
6 417 11417 4 M06154 POS -136.888289 374.749387
6 111 11111 4 M06165 POS -138.432551 115.944156
6 20 11020 4 M06169 POS -60.984535 53.605315
6 100 11100 4 M06170 POS -135.226384 105.993556
6 395 11395 4 M06172 POS -133.582194 364.688644
6 313 11313 4 M06174 POS -120.539980 324.663042
6 235 11235 4 M06231 POS -181.178507 189.697838
6 219 11219 4 M06233 POS -178.028155 179.747759
6 204 11204 4 M06234 POS -174.852578 169.851660
6 374 11374 4 M06235 POS -130.301051 354.633616
6 260 11260 4 M06236 POS -124.781223 279.279164
6 336 11336 4 M06237 POS -144.660447 311.305950
6 357 11357 4 M06238 POS -154.776106 313.500290
6 205 11205 4 M06267 POS -181.820994 162.043309
6 39 11039 4 M06269 POS -45.950391 124.138867
6 329 11329 4 M06283 POS -232.093638 200.619841
6 221 11221 4 M06286 POS -191.929108 164.283927
6 26 11026 4 M06287 POS -39.480046 104.365683
6 148 11148 4 M06288 POS -161.983971 130.168704
6 32 11032 4 M06289 POS -42.715716 114.356949
6 161 11161 4 M06290 POS -165.179454 140.127990
6 291 11291 4 M06291 POS -218.742646 188.525239
6 175 11175 4 M06292 POS -168.439780 150.022318
6 412 11412 4 M06300 POS -251.946849 232.706841
6 270 11270 4 M06301 POS -194.559504 201.779341
6 253 11253 4 M06302 POS -191.398375 191.798117
6 316 11316 4 M06415 POS -141.401200 301.312597
6 297 11297 4 M06416 POS -138.185795 291.344927
6 279 11279 4 M06417 POS -134.968455 281.444681
6 113 11113 4 M06424 POS -78.639477 195.625495
6 87 11087 4 M06540 POS -111.070155 119.295843
6 53 11053 4 M06548 POS -98.245136 79.749623
6 70 11070 4 M06549 POS -111.597887 91.822545
6 236 11236 4 M06585 POS -188.266503 181.918044
6 271 11271 4 M06586 POS -201.516014 194.026267
6 36 11036 4 M06596 POS -70.667545 83.294297
6 42 11042 4 M06597 POS -66.960342 100.889076
6 35 11035 4 M06598 POS -63.674848 91.059281
6 29 11029 4 M06599 POS -60.463071 81.149524
6 66 11066 4 M06600 POS -83.603501 122.803519
6 43 11043 4 M06601 POS -73.901942 93.176898
6 435 11435 4 M06602 POS -262.206599 234.995620
6 187 11187 4 M06642 POS -157.633107 175.408501
6 115 11115 4 M06644 POS -92.590779 180.141094
6 49 11049 4 M06649 POS -70.232986 110.832551
6 104 11104 4 M06651 POS -89.417962 170.339577
6 93 11093 4 M06653 POS -86.245287 160.327175
6 251 11251 4 M06655 POS -177.406993 207.332520
6 234 11234 4 M06656 POS -174.213648 197.388842
6 216 11216 4 M06657 POS -157.052482 202.996240
6 83 11083 4 M06658 POS -82.986430 150.488397
6 74 11074 4 M06659 POS -79.778837 140.531681
6 201 11201 4 M06660 POS -153.804053 193.057075
6 186 11186 4 M06661 POS -150.651645 183.165570
6 172 11172 4 M06662 POS -147.454812 173.231592
6 233 11233 4 M06663 POS -167.225566 205.116391
6 41 11041 4 M06667 POS -59.929936 108.686001
6 97 11097 4 M06681 POS -114.270251 129.253788
6 157 11157 4 M06682 POS -137.242171 171.012477
6 96 11096 4 M06684 POS -107.246513 136.953496
6 107 11107 4 M06685 POS -110.419687 146.915400
6 217 11217 4 M06687 POS -164.063852 195.235393
6 202 11202 4 M06691 POS -160.816496 185.303755
6 128 11128 4 M06692 POS -102.783950 182.293560
6 116 11116 4 M06693 POS -99.581157 172.422599
6 118 11118 4 M06733 POS -113.667085 156.828571
6 57 11057 4 M06750 POS -73.450282 120.769630
6 34 11034 4 M06752 POS -56.754474 98.786323
6 28 11028 4 M06753 POS -53.516483 88.828346
6 337 11337 4 M06754 POS -151.577516 303.523514
6 65 11065 4 M06785 POS -76.561825 130.624153
6 22 11022 4 M06786 POS -43.243665 86.734187
6 58 11058 4 M06787 POS -80.327981 112.964035
6 50 11050 4 M06788 POS -77.180691 103.071042
6 48 11048 4 M06789 POS -63.209517 118.593695
6 56 11056 4 M06790 POS -66.379865 128.467922
6 449 11449 4 M06791 POS -209.579625 306.926774
6 504 11504 4 M06792 POS -226.402544 329.307825
6 424 11424 4 M06793 POS -185.434391 320.172994
6 444 11444 4 M06794 POS -174.816938 345.847258
6 317 11317 4 M06826 POS -148.363909 293.575322
6 484 11484 4 M06847 POS -195.311889 350.442825
6 423 11423 4 M06857 POS -178.502888 327.937404
6 465 11465 4 M06858 POS -185.057781 348.086740
6 401 11401 4 M06859 POS -175.239755 317.949421
6 98 11098 4 M07086 POS -121.237519 121.526714
6 206 11206 4 M07427 POS -188.866555 154.323186
6 33 11033 4 M07434 POS -49.688502 106.606697
6 21 11021 4 M07448 POS -36.270154 94.503542
6 31 11031 4 M07453 POS -74.436878 65.556816
6 19 11019 4 M07456 POS -54.015104 61.352533
6 350 11350 4 M07478 POS -242.365270 202.784565
6 88 11088 4 M07495 POS -118.091351 111.601885
6 349 11349 4 M07505 POS -235.312127 210.505728
6 18 11018 4 M07527 POS -47.035120 69.051523
6 436 11436 4 M07573 POS -269.192958 227.187035
6 309 11309 4 M07578 POS -221.930605 198.397461
6 413 11413 4 M07581 POS -259.003160 224.986549
6 392 11392 4 M07682 POS -255.790911 215.008150
6 95 11095 4 M07870 POS -100.179549 144.778701
6 85 11085 4 M07872 POS -97.050753 134.848627
6 142 11142 4 M07873 POS -120.039434 176.631809
6 393 11393 4 M07874 POS -262.749656 207.278810
6 130 11130 4 M07880 POS -116.825570 166.737623
6 117 11117 4 M07881 POS -106.650366 164.600529
6 106 11106 4 M07882 POS -103.451925 154.684171
6 105 11105 4 M07883 POS -96.467789 162.483569
6 134 11134 4 M07884 POS -144.831785 135.748972
6 146 11146 4 M07885 POS -148.000345 145.654872
6 94 11094 4 M07887 POS -93.214631 152.636709
6 84 11084 4 M07888 POS -89.988740 142.698393
6 129 11129 4 M07889 POS -109.835773 174.453809
6 59 11059 4 M08034 POS -87.405633 105.167735
6 51 11051 4 M08035 POS -84.110859 95.327373
6 159 11159 4 M08062 POS -151.238857 155.607515
6 289 11289 4 M08064 POS -204.783119 203.901621
6 366 11366 4 M08066 POS -217.599620 243.710534
6 102 11102 4 M08082 POS -75.415712 185.768109
6 345 11345 4 M08083 POS -207.370464 241.445072
6 346 11346 4 M08084 POS -214.335197 233.711964
6 388 11388 4 M08085 POS -227.714342 245.908200
6 91 11091 4 M08086 POS -72.196524 175.890296
6 325 11325 4 M08087 POS -204.110444 231.534265
6 145 11145 4 M08088 POS -141.014625 153.414122
6 306 11306 4 M08116 POS -200.975077 221.574034
6 367 11367 4 M08117 POS -224.536994 235.982371
6 158 11158 4 M08118 POS -144.288961 163.298701
6 347 11347 4 M08119 POS -221.340372 225.993292
6 326 11326 4 M08121 POS -211.129304 223.831601
6 327 11327 4 M08141 POS -218.155568 216.044499
6 109 11109 4 M08177 POS -124.452281 131.404037
6 466 11466 4 M08184 POS -192.027237 340.251646
6 307 11307 4 M08199 POS -207.984246 213.855683
6 27 11027 4 M08200 POS -46.485327 96.586478
6 24 11024 4 M08201 POS -57.254398 71.244016
6 372 11372 4 M08208 POS -259.549816 197.266950
6 60 11060 4 M08212 POS -94.502868 97.409150
6 308 11308 4 M08213 POS -214.927281 206.167463
6 288 11288 4 M08214 POS -197.799061 211.619371
6 81 11081 4 M08216 POS -69.010753 165.942688
6 72 11072 4 M08217 POS -65.761483 156.059194
6 415 11415 4 M08221 POS -273.015056 209.467169
6 370 11370 4 M08222 POS -245.478634 212.766569
6 191 11191 4 M08224 POS -185.607710 144.498304
6 40 11040 4 M08225 POS -52.905872 116.444929
6 222 11222 4 M08226 POS -199.011302 156.549771
6 389 11389 4 M08230 POS -234.730173 238.165917
6 52 11052 4 M08248 POS -91.247283 87.481589
6 99 11099 4 M08249 POS -128.287909 113.741071
6 89 11089 4 M08250 POS -125.048928 103.920888
6 120 11120 4 M08282 POS -127.637403 141.325546
6 78 11078 4 M08288 POS -107.816747 109.473856
6 63 11063 4 M08291 POS -62.612777 146.115187
6 162 11162 4 M08296 POS -172.187917 132.304399
6 47 11047 4 M08297 POS -56.166580 126.335716
6 45 11045 4 M08299 POS -87.957948 77.603580
6 79 11079 4 M08301 POS -114.819561 101.703098
6 69 11069 4 M08304 POS -104.589251 99.474245
6 77 11077 4 M08307 POS -100.814089 117.176494
6 44 11044 4 M08308 POS -80.905479 85.386840
6 68 11068 4 M08309 POS -97.627098 107.318182
6 37 11037 4 M08310 POS -77.677280 75.480254
6 14 11014 4 M08311 POS -43.827366 59.152375
6 369 11369 4 M08318 POS -238.591242 220.471489
6 391 11391 4 M08319 POS -248.759949 222.677500
6 132 11132 4 M08322 POS -130.853574 151.243160
6 144 11144 4 M08323 POS -134.051200 161.102883
6 46 11046 4 M08324 POS -49.151657 134.068685
6 55 11055 4 M08327 POS -59.357041 136.252425
6 114 11114 4 M08328 POS -85.656641 187.887513
6 103 11103 4 M08329 POS -82.424212 178.013471
6 61 11061 4 M08332 POS -101.403690 89.584071
6 7 11007 4 M08333 POS -37.452969 39.429815
6 10 11010 4 M08334 POS -40.616893 49.348491
6 173 11173 4 M08335 POS -154.422050 165.492655
6 110 11110 4 M08336 POS -131.438936 123.644383
6 121 11121 4 M08337 POS -134.684867 133.597417
6 133 11133 4 M08338 POS -137.852873 143.491993
6 390 11390 4 M08339 POS -241.747355 230.509451
6 411 11411 4 M08347 POS -244.972124 240.422381
6 330 11330 4 M08349 POS -239.158958 192.825256
6 368 11368 4 M08474 POS -231.532232 228.230536
6 501 11501 260 M03767 ETC -205.564050 352.753090
6 461 11461 260 M06009 ETC -157.311322 379.428272
7 482 2482 8 P010 FIF -361.639019 189.103661
7 150 2150 8 P014 FIF -203.778485 130.491790
7 11 2011 8 P018 FIF -62.678003 5.758305
7 517 2517 8 P023 FIF -385.389575 139.606891
7 496 2496 8 P066 FIF -376.685695 44.381511
7 239 2239 8 P082 FIF -262.001209 5.718868
7 534 2534 8 P096 FIF -401.595527 73.001563
7 439 2439 65544 P104 FIF -339.461561 229.193960
7 321 2321 8 P124 FIF -296.500245 108.741787
7 75 2075 8 P125 FIF -148.260129 56.167090
7 542 2542 136 P050 GIF -407.823982 46.240931
7 541 2541 136 P053 GIF -360.623327 5.945951
7 128 2128 4 M01084 POS -190.218442 87.123249
7 391 2391 4 M01201 POS -331.989384 34.011322
7 195 2195 4 M01334 POS -231.198170 128.109671
7 433 2433 4 M01336 POS -347.760428 56.680067
7 141 2141 4 M01389 POS -199.688863 82.810866
7 359 2359 4 M01400 POS -311.543526 141.842428
7 518 2518 4 M01447 POS -386.269767 129.266174
7 463 2463 4 M01863 POS -352.066419 193.622031
7 464 2464 4 M01864 POS -353.080646 183.219337
7 396 2396 4 M01865 POS -323.279174 206.099112
7 246 2246 4 M01868 POS -259.779969 115.320411
7 294 2294 4 M01872 POS -279.752613 185.609404
7 356 2356 4 M01874 POS -308.323150 172.956549
7 505 2505 4 M01875 POS -377.603803 122.924965
7 409 2409 4 M01884 POS -337.077393 71.237559
7 381 2381 4 M01975 POS -321.057610 137.634687
7 77 2077 4 M02164 POS -150.311405 35.547298
7 524 2524 4 M02545 POS -392.606644 66.945067
7 143 2143 4 M02581 POS -201.893148 61.938651
7 520 2520 4 M02582 POS -388.414821 108.502926
7 483 2483 4 M02583 POS -362.765616 179.033597
7 62 2062 4 M02592 POS -135.231428 91.837624
7 259 2259 4 M02620 POS -263.873263 162.947125
7 469 2469 4 M02625 POS -358.341353 131.301756
7 80 2080 4 M02627 POS -152.123213 104.108974
7 244 2244 4 M02628 POS -257.583466 136.088577
7 71 2071 4 M02662 POS -143.660943 97.983945
7 292 2292 4 M02664 POS -288.659939 13.543514
7 124 2124 4 M02665 POS -185.827873 128.603140
7 85 2085 4 M02672 POS -157.609014 52.142124
7 420 2420 4 M02673 POS -333.859381 191.535584
7 125 2125 4 M02675 POS -186.946627 118.235948
7 274 2274 4 M02677 POS -280.285810 7.433257
7 311 2311 4 M02678 POS -298.220656 9.338825
7 137 2137 4 M02686 POS -195.393621 124.323205
7 55 2055 4 M02689 POS -127.914815 75.379540
7 379 2379 4 M02690 POS -318.898718 158.371305
7 5 2005 4 M02702 POS -51.035450 30.666804
7 351 2351 4 M02715 POS -316.194572 11.318853
7 107 2107 4 M02731 POS -175.565104 53.944464
7 92 2092 4 M02746 POS -162.734241 89.499411
7 207 2207 4 M02750 POS -236.430208 165.275770
7 208 2208 4 M02751 POS -237.489493 154.944789
7 441 2441 4 M02752 POS -341.401235 208.189285
7 146 2146 4 M02753 POS -205.233700 30.843852
7 19 2019 4 M02754 POS -79.617631 17.890867
7 468 2468 4 M02774 POS -357.268512 141.674412
7 291 2291 4 M02796 POS -287.582133 23.957209
7 355 2355 4 M02806 POS -307.276686 183.332700
7 301 2301 4 M02807 POS -287.195670 113.010697
7 118 2118 4 M02810 POS -183.962608 60.058786
7 293 2293 4 M02811 POS -278.641953 195.971806
7 76 2076 4 M02812 POS -149.192381 45.996040
7 6 2006 4 M02813 POS -52.197466 20.283595
7 242 2242 4 M02814 POS -255.451131 156.713915
7 100 2100 4 M02815 POS -171.563981 6.285222
7 41 2041 4 M02820 POS -112.207751 52.756068
7 278 2278 4 M02825 POS -273.412474 158.687415
7 102 2102 4 M02841 POS -170.038863 106.005192
7 131 2131 4 M02859 POS -193.534431 55.843516
7 196 2196 4 M02878 POS -232.301691 117.704349
7 223 2223 4 M02881 POS -244.859777 171.394844
7 250 2250 4 M02893 POS -264.092825 73.826685
7 72 2072 4 M02896 POS -144.794687 87.635880
7 42 2042 4 M02907 POS -113.311062 42.381321
7 130 2130 4 M02908 POS -192.433683 66.236128
7 389 2389 4 M02909 POS -329.735831 54.705612
7 449 2449 4 M02914 POS -349.790657 125.116173
7 12 2012 4 M02915 POS -67.874436 42.895576
7 260 2260 4 M02918 POS -264.955292 152.560885
7 240 2240 4 M02933 POS -253.292178 177.528093
7 348 2348 4 M02934 POS -312.899484 42.384772
7 53 2053 4 M02935 POS -126.106960 6.821191
7 116 2116 4 M02941 POS -181.764474 80.959499
7 328 2328 4 M02942 POS -304.429452 36.231056
7 398 2398 4 M02954 POS -325.320575 185.319936
7 288 2288 4 M02955 POS -284.236546 55.022017
7 387 2387 4 M02957 POS -327.509324 75.462041
7 349 2349 4 M02958 POS -313.959454 32.021358
7 353 2353 4 M02960 POS -305.176050 204.083882
7 388 2388 4 M02961 POS -328.666064 65.082513
7 422 2422 4 M02962 POS -335.938124 170.730925
7 133 2133 4 M02963 POS -195.710157 35.061420
7 408 2408 4 M02964 POS -335.974849 81.602708
7 503 2503 4 M02991 POS -375.458885 143.720746
7 228 2228 4 M02993 POS -250.192332 119.551414
7 504 2504 4 M02994 POS -376.537854 133.325058
7 488 2488 4 M03016 POS -367.958836 127.137113
7 458 2458 4 M03020 POS -359.644202 31.804004
7 477 2477 4 M03022 POS -367.009539 48.346017
7 361 2361 4 M03023 POS -313.623434 121.094638
7 364 2364 4 M03024 POS -316.943501 90.016648
7 98 2098 4 M03025 POS -169.399165 27.071419
7 369 2369 4 M03026 POS -322.430245 38.189359
7 262 2262 4 M03027 POS -267.113443 131.837039
7 17 2017 4 M03032 POS -77.400926 38.649856
7 295 2295 4 M03042 POS -280.741644 175.239037
7 96 2096 4 M03044 POS -167.133771 47.805825
7 454 2454 4 M03055 POS -355.162479 73.246530
7 495 2495 4 M03061 POS -375.522169 54.503408
7 37 2037 4 M03064 POS -107.051500 15.429534
7 227 2227 4 M03069 POS -249.136239 129.972379
7 99 2099 4 M03080 POS -170.487072 16.682713
7 287 2287 4 M03082 POS -283.137057 65.392115
7 490 2490 4 M03084 POS -370.102784 106.398491
7 385 2385 4 M03085 POS -325.333545 96.175668
7 58 2058 4 M03087 POS -131.238873 44.189742
7 487 2487 4 M03092 POS -366.900430 137.502492
7 88 2088 4 M03093 POS -160.937329 20.902906
7 452 2452 4 M03096 POS -353.003742 93.990911
7 229 2229 4 M03103 POS -251.288723 109.175057
7 179 2179 4 M03104 POS -221.705996 132.377130
7 390 2390 4 M03105 POS -330.805899 44.310294
7 97 2097 4 M03108 POS -168.247731 37.412233
7 336 2336 4 M03116 POS -299.853563 166.819569
7 79 2079 4 M03132 POS -152.503234 14.788867
7 0 2000 4 M03139 POS -25.859201 12.328161
7 337 2337 4 M03142 POS -300.866848 156.409556
7 18 2018 4 M03148 POS -78.512380 28.257979
7 466 2466 4 M03157 POS -355.153776 162.480344
7 258 2258 4 M03158 POS -262.794172 173.362198
7 94 2094 4 M03160 POS -164.940194 68.669503
7 448 2448 4 M03161 POS -348.721427 135.481201
7 173 2173 4 M03163 POS -222.068334 43.137227
7 59 2059 4 M03171 POS -132.341536 33.806553
7 93 2093 4 M03175 POS -163.838945 79.056878
7 430 2430 4 M03185 POS -344.480474 87.786859
7 476 2476 4 M03190 POS -365.867442 58.671770
7 457 2457 4 M03199 POS -358.512197 42.180879
7 66 2066 4 M03220 POS -139.667408 50.317937
7 226 2226 4 M03232 POS -248.079003 140.299751
7 31 2031 4 M00703 POS -98.626991 9.288985
7 21 2021 4 M03239 POS -84.672956 55.123418
7 34 2034 4 M03240 POS -103.805009 46.635887
7 247 2247 4 M03242 POS -260.825387 104.961752
7 135 2135 4 M03244 POS -197.930878 14.377980
7 462 2462 4 M03249 POS -351.071412 204.034911
7 380 2380 4 M03250 POS -319.987961 148.017864
7 277 2277 4 M03258 POS -272.332452 169.078611
7 103 2103 4 M03261 POS -171.139224 95.596179
7 475 2475 4 M03270 POS -364.805730 69.047989
7 81 2081 4 M03278 POS -153.201862 93.737272
7 316 2316 4 M03283 POS -291.374829 160.641753
7 442 2442 4 M03285 POS -342.448501 197.780749
7 406 2406 4 M03288 POS -333.832150 102.351546
7 192 2192 4 M03289 POS -228.017064 159.145542
7 69 2069 4 M03295 POS -142.993781 19.086161
7 61 2061 4 M03296 POS -134.558642 12.936798
7 231 2231 4 M03298 POS -253.460255 88.428005
7 285 2285 4 M03309 POS -280.913785 86.121115
7 324 2324 4 M03319 POS -299.966286 77.725901
7 405 2405 4 M03322 POS -332.739158 112.704194
7 443 2443 4 M03327 POS -343.499552 187.394722
7 257 2257 4 M03329 POS -261.758469 183.661774
7 230 2230 4 M03331 POS -252.382669 98.785859
7 507 2507 4 M03333 POS -379.732282 102.188784
7 78 2078 4 M03334 POS -151.397810 25.160309
7 281 2281 4 M03336 POS -276.628971 127.560415
7 189 2189 4 M03337 POS -232.678329 28.539558
7 510 2510 4 M03350 POS -382.938417 71.056314
7 157 2157 4 M03357 POS -211.438276 57.718085
7 24 2024 4 M03359 POS -88.076378 24.028455
7 412 2412 4 M03385 POS -340.439006 40.171043
7 365 2365 4 M03386 POS -317.961838 79.651955
7 326 2326 4 M03388 POS -302.212140 56.999947
7 421 2421 4 M03399 POS -334.896894 181.148700
7 268 2268 4 M03401 POS -273.597384 69.598555
7 360 2360 4 M03402 POS -312.613295 131.458640
7 367 2367 4 M03406 POS -320.188250 58.939428
7 363 2363 4 M03407 POS -315.786105 100.377177
7 471 2471 4 M03408 POS -360.485747 110.566297
7 339 2339 4 M03410 POS -303.033672 135.681168
7 427 2427 4 M03412 POS -341.251394 118.913096
7 428 2428 4 M03418 POS -342.314896 108.498396
7 89 2089 4 M03422 POS -162.044373 10.547942
7 362 2362 4 M03424 POS -314.732788 110.746078
7 492 2492 4 M03425 POS -372.249445 85.642766
7 7 2007 4 M03426 POS -53.331902 9.841882
7 384 2384 4 M03427 POS -324.265918 106.568281
7 298 2298 4 M03428 POS -283.995330 144.100915
7 4 2004 4 M03430 POS -43.746783 14.170282
7 205 2205 4 M03433 POS -242.213098 24.286048
7 472 2472 4 M03434 POS -361.521021 100.210563
7 386 2386 4 M03435 POS -326.423844 85.813403
7 9 2009 4 M03446 POS -60.598532 26.407608
7 280 2280 4 M03447 POS -275.563770 137.934600
7 484 2484 4 M03450 POS -363.761096 168.656969
7 447 2447 4 M03451 POS -347.662958 145.858578
7 254 2254 4 M03452 POS -268.515414 32.370960
7 43 2043 4 M03455 POS -114.380321 31.969673
7 50 2050 4 M03456 POS -122.827217 38.036175
7 23 2023 4 M03457 POS -86.946708 34.351504
7 342 2342 4 M03458 POS -306.248086 104.610412
7 411 2411 4 M03459 POS -339.311047 50.511260
7 212 2212 4 M03463 POS -241.767625 113.454900
7 190 2190 4 M03464 POS -233.795934 18.188828
7 343 2343 4 M03465 POS -307.344955 94.228971
7 474 2474 4 M03466 POS -363.687382 79.468449
7 453 2453 4 M03467 POS -354.048878 83.638806
7 15 2015 4 M03470 POS -71.221031 11.725458
7 193 2193 4 M03473 POS -229.027578 148.767339
7 450 2450 4 M03483 POS -350.882712 114.743565
7 512 2512 4 M03484 POS -385.171712 50.298909
7 319 2319 4 M03489 POS -294.645760 129.521961
7 164 2164 4 M03496 POS -212.196794 136.603938
7 264 2264 4 M03497 POS -269.234723 111.101282
7 397 2397 4 M03498 POS -324.262521 195.715284
7 2 2002 4 M03500 POS -35.408411 8.048865
7 14 2014 4 M03501 POS -70.112340 22.150608
7 68 2068 4 M03503 POS -141.875921 29.439348
7 383 2383 4 M03505 POS -323.167932 116.936911
7 378 2378 4 M03508 POS -317.846863 168.738604
7 307 2307 4 M03509 POS -293.777207 50.834937
7 429 2429 4 M03510 POS -343.377878 98.145298
7 451 2451 4 M03511 POS -351.907061 104.366719
7 404 2404 4 M03512 POS -331.676098 123.007780
7 114 2114 4 M03514 POS -179.550499 101.690905
7 423 2423 4 M03524 POS -336.973329 160.370215
7 108 2108 4 M03525 POS -176.673003 43.559322
7 445 2445 4 M03528 POS -345.536539 166.645280
7 245 2245 4 M03531 POS -258.637993 125.704408
7 13 2013 4 M03533 POS -68.983459 32.522519
7 456 2456 4 M03540 POS -357.391007 52.534304
7 455 2455 4 M03542 POS -356.256175 62.870114
7 493 2493 4 M03545 POS -373.358291 75.296670
7 162 2162 4 M03546 POS -216.990799 5.906833
7 147 2147 4 M03549 POS -206.369183 20.501397
7 222 2222 4 M03550 POS -252.823668 9.714468
7 35 2035 4 M03554 POS -104.877706 36.210815
7 123 2123 4 M02110 POS -189.507128 8.186805
7 160 2160 4 M03557 POS -214.752562 26.623924
7 400 2400 4 M03564 POS -327.436238 164.558378
7 335 2335 4 M03565 POS -298.789106 177.167604
7 243 2243 4 M03566 POS -256.502311 146.440085
7 8 2008 4 M01381 POS -59.434521 36.720816
7 489 2489 4 M03568 POS -369.034508 116.722464
7 289 2289 4 M03571 POS -285.334222 44.652508
7 308 2308 4 M03573 POS -294.869742 40.459936
7 84 2084 4 M03575 POS -156.500841 62.548572
7 191 2191 4 M03578 POS -234.891445 7.799231
7 29 2029 4 M03579 POS -96.482698 30.153604
7 347 2347 4 M03584 POS -311.788113 52.764578
7 473 2473 4 M03585 POS -362.574848 89.821343
7 511 2511 4 M03586 POS -384.040002 60.668490
7 178 2178 4 M03587 POS -220.640527 142.686451
7 521 2521 4 M03589 POS -389.386568 98.112395
7 65 2065 4 M03591 POS -138.565669 60.635554
7 28 2028 4 M03592 POS -95.337388 40.511631
7 300 2300 4 M03598 POS -286.097289 123.393932
7 407 2407 4 M03601 POS -334.931678 92.008222
7 354 2354 4 M03605 POS -306.246323 193.711124
7 333 2333 4 M03606 POS -296.703707 197.945946
7 340 2340 4 M03607 POS -304.110720 125.317931
7 211 2211 4 M03608 POS -240.701409 123.820434
7 105 2105 4 M03609 POS -173.371884 74.680790
7 67 2067 4 M03610 POS -140.771769 39.902811
7 286 2286 4 M03615 POS -282.001874 75.755397
7 266 2266 4 M03616 POS -271.402586 90.375984
7 432 2432 4 M03620 POS -346.663083 67.038115
7 1 2001 4 M03621 POS -34.230962 18.412462
7 249 2249 4 M03624 POS -262.988828 84.220728
7 142 2142 4 M03625 POS -200.820493 72.377321
7 109 2109 4 M03628 POS -177.798054 33.172743
7 305 2305 4 M03630 POS -291.589686 71.551262
7 119 2119 4 M03633 POS -185.102647 49.669845
7 526 2526 4 M03642 POS -394.838703 46.188653
7 402 2402 4 M03643 POS -329.541234 143.825039
7 106 2106 4 M03645 POS -174.463850 64.358903
7 22 2022 4 M03647 POS -85.797931 44.768908
7 440 2440 4 M02209 POS -340.433832 218.572339
7 434 2434 4 M03649 POS -348.897676 46.317893
7 426 2426 4 M03650 POS -340.178900 129.257929
7 261 2261 4 M03651 POS -266.047188 142.199440
7 410 2410 4 M03652 POS -338.260431 60.871403
7 57 2057 4 M03653 POS -130.183515 54.598141
7 509 2509 4 M03654 POS -381.864466 81.424677
7 508 2508 4 M03655 POS -380.813054 91.779182
7 282 2282 4 M03658 POS -277.663617 117.247273
7 74 2074 4 M03659 POS -146.996400 66.825400
7 394 2394 4 M03660 POS -321.233947 226.884246
7 276 2276 4 M03661 POS -271.243986 179.412408
7 345 2345 4 M03663 POS -309.519320 73.509243
7 241 2241 4 M03668 POS -254.355785 167.184709
7 491 2491 4 M03670 POS -371.168003 95.995895
7 314 2314 4 M03673 POS -289.276771 181.371884
7 313 2313 4 M03674 POS -288.253020 191.773796
7 213 2213 4 M03677 POS -242.850861 103.089645
7 220 2220 4 M03678 POS -250.607885 30.470800
7 444 2444 4 M03679 POS -344.518772 176.997483
7 302 2302 4 M03680 POS -288.272101 102.638160
7 373 2373 4 M03681 POS -312.600919 220.692952
7 358 2358 4 M03683 POS -310.408171 152.190848
7 403 2403 4 M03684 POS -330.618047 133.439634
7 271 2271 4 M03686 POS -276.948399 38.504164
7 334 2334 4 M03688 POS -297.721059 187.573160
7 120 2120 4 M03690 POS -186.186911 39.299224
7 374 2374 4 M03691 POS -313.662897 210.291447
7 279 2279 4 M03693 POS -274.463122 148.349164
7 275 2275 4 M03694 POS -270.214990 189.791583
7 303 2303 4 M03695 POS -289.310159 92.304090
7 401 2401 4 M03696 POS -328.467774 154.196075
7 366 2366 4 M03697 POS -319.074172 69.261746
7 194 2194 4 M03698 POS -230.121089 138.474571
7 465 2465 4 M03699 POS -354.125555 172.841671
7 256 2256 4 M03704 POS -270.752199 11.623935
7 224 2224 4 M03706 POS -245.927992 161.020632
7 523 2523 4 M03712 POS -391.525091 77.293578
7 169 2169 4 M03714 POS -217.631151 84.642549
7 82 2082 4 M03715 POS -154.299062 83.298079
7 47 2047 4 M03716 POS -119.498541 69.255458
7 304 2304 4 M03717 POS -290.460068 81.941398
7 158 2158 4 M03719 POS -212.541678 47.381830
7 201 2201 4 M03721 POS -237.727169 65.792351
7 210 2210 4 M03727 POS -239.618669 134.179221
7 382 2382 4 M03728 POS -322.132243 127.267748
7 3 2003 4 M03730 POS -42.651947 24.556645
7 486 2486 4 M03735 POS -365.823416 147.884922
7 95 2095 4 M03736 POS -166.033074 58.280018
7 91 2091 4 M03737 POS -161.604970 99.856630
7 269 2269 4 M03738 POS -274.741502 59.226795
7 144 2144 4 M03740 POS -203.020635 51.614111
7 117 2117 4 M03742 POS -182.889306 70.499305
7 341 2341 4 M03744 POS -305.174596 114.958268
7 175 2175 4 M03745 POS -224.267981 22.399385
7 206 2206 4 M03746 POS -243.296077 13.958022
7 221 2221 4 M03747 POS -251.734911 20.069322
7 70 2070 4 M03748 POS -144.109459 8.659221
7 134 2134 4 M03750 POS -196.826606 24.715931
7 40 2040 4 M03753 POS -111.052397 63.103156
7 174 2174 4 M03754 POS -223.155448 32.744318
7 399 2399 4 M03756 POS -326.347598 174.954467
7 417 2417 4 M03799 POS -330.798953 222.703305
7 225 2225 4 M03800 POS -246.999384 150.674670
7 502 2502 4 M03801 POS -374.417575 154.130072
7 344 2344 4 M03802 POS -308.426987 83.872813
7 522 2522 4 M03803 POS -390.474450 87.687239
7 446 2446 4 M03804 POS -346.584308 156.248942
7 376 2376 4 M03805 POS -315.735019 189.516312
7 506 2506 4 M03806 POS -378.655047 112.536100
7 44 2044 4 M03808 POS -115.458773 21.548899
7 209 2209 4 M03809 POS -238.537598 144.554537
7 525 2525 4 M03820 POS -393.727834 56.556761
7 20 2020 4 M03821 POS -80.728018 7.498594
7 176 2176 4 M03822 POS -225.373232 12.032247
7 26 2026 4 M01573 POS -93.123086 61.209245
7 248 2248 4 M03825 POS -261.889294 94.585373
7 177 2177 4 M03834 POS -219.577829 153.052946
7 64 2064 4 M03835 POS -137.480636 71.068165
7 431 2431 4 M03837 POS -345.601792 77.423755
7 90 2090 4 M03850 POS -160.501170 110.216002
7 159 2159 4 M03851 POS -213.666948 37.018324
7 111 2111 4 M03871 POS -179.984267 12.455151
7 33 2033 4 M03876 POS -102.662937 57.032868
7 263 2263 4 M03881 POS -268.167675 121.475859
7 238 2238 4 M03883 POS -261.232139 15.875279
7 297 2297 4 M03886 POS -282.941912 154.445990
7 251 2251 4 M03889 POS -265.176328 63.433588
7 352 2352 4 M03900 POS -304.134299 214.503474
7 236 2236 4 M03901 POS -259.010473 36.593648
7 121 2121 4 M03902 POS -187.313984 28.941659
7 332 2332 4 M03903 POS -295.615913 208.326285
7 318 2318 4 M03904 POS -293.534736 139.929844
7 338 2338 4 M03905 POS -301.939328 146.048500
7 395 2395 4 M03907 POS -322.200620 216.476051
7 115 2115 4 M03908 POS -180.637220 91.373418
7 320 2320 4 M03911 POS -295.655784 119.163066
7 46 2046 4 M01377 POS -118.436094 79.553978
7 27 2027 4 M03913 POS -94.208988 50.886832
7 10 2010 4 M03914 POS -61.727941 15.971464
7 16 2016 4 M01277 POS -76.307907 48.995971
7 39 2039 4 M03919 POS -109.992710 73.514290
7 272 2272 4 M03926 POS -278.078583 28.175757
7 284 2284 4 M03927 POS -279.801907 96.497326
7 198 2198 4 M03928 POS -234.436481 96.927771
7 470 2470 4 M03929 POS -359.413647 120.953273
7 315 2315 4 M03930 POS -290.341649 171.015492
7 425 2425 4 M03934 POS -339.110601 139.629874
7 418 2418 4 M03935 POS -331.850731 212.284435
7 63 2063 4 M03936 POS -136.362788 81.474045
7 129 2129 4 M03938 POS -191.296488 76.695999
7 45 2045 4 M03939 POS -116.596889 11.071688
7 104 2104 4 M03940 POS -172.261045 85.285433
7 110 2110 4 M03941 POS -178.875336 22.819408
7 494 2494 4 M03942 POS -374.402985 64.909071
7 317 2317 4 M03945 POS -292.431670 150.290308
7 296 2296 4 M03946 POS -281.862041 164.835053
7 416 2416 4 M03948 POS -329.797845 233.096326
7 145 2145 4 M03950 POS -204.133448 41.222365
7 299 2299 4 M03951 POS -285.064047 133.724756
7 155 2155 4 M03952 POS -209.218291 78.530838
7 87 2087 4 M03953 POS -159.830020 31.277857
7 377 2377 4 M03979 POS -316.840706 179.170752
7 132 2132 4 M03980 POS -194.629811 45.462342
7 419 2419 4 M03981 POS -332.861168 201.912805
7 83 2083 4 M03983 POS -155.435774 72.946714
7 163 2163 4 M03984 POS -211.106258 146.895602
7 312 2312 4 M03985 POS -287.206193 202.142756
7 375 2375 4 M03986 POS -314.719367 199.891751
7 187 2187 4 M03989 POS -230.464859 49.264300
7 234 2234 4 M03992 POS -256.759335 57.289955
7 56 2056 4 M04000 POS -129.046935 64.951139
7 325 2325 4 M04008 POS -301.064215 67.364988
7 283 2283 4 M04020 POS -278.787905 106.892882
7 424 2424 4 M04022 POS -338.046102 150.012766
7 519 2519 4 M04023 POS -387.266641 118.852580
7 148 2148 4 M01328 POS -207.469224 10.107715
7 485 2485 4 M04025 POS -364.797477 158.281196
7 86 2086 4 M04026 POS -158.741883 41.685258
7 467 2467 4 M04028 POS -356.183938 152.065870
7 267 2267 4 M04029 POS -272.502669 79.991375
7 368 2368 4 M04030 POS -321.329195 48.542388
7 346 2346 4 M04032 POS -310.627532 63.134007
7 371 2371 4 M04094 POS -324.590068 17.392610
7 153 2153 4 M04096 POS -207.071877 99.331969
7 25 2025 4 M04109 POS -89.081846 13.602554
7 30 2030 4 M04110 POS -97.564794 19.735298
7 48 2048 4 M04111 POS -120.651848 58.839121
7 136 2136 4 M04143 POS -194.253557 134.693372
7 215 2215 4 M04169 POS -245.059031 82.305600
7 127 2127 4 M04170 POS -189.129094 97.446217
7 156 2156 4 M04173 POS -210.325021 68.087377
7 171 2171 4 M04186 POS -219.833839 63.883665
7 435 2435 4 M04208 POS -350.021301 35.922329
7 172 2172 4 M04209 POS -220.936838 53.477494
7 217 2217 4 M04210 POS -247.253093 61.527669
7 184 2184 4 M04211 POS -227.158840 80.377991
7 113 2113 4 M04212 POS -178.453252 112.092161
7 151 2151 4 M04213 POS -204.866004 120.157229
7 330 2330 4 M04215 POS -306.642375 15.524995
7 197 2197 4 M04216 POS -233.298014 107.293476
7 182 2182 4 M04217 POS -224.938306 101.172175
7 140 2140 4 M04218 POS -198.625523 93.193207
7 459 2459 4 M04219 POS -360.746914 21.412328
7 270 2270 4 M04220 POS -275.810969 48.860799
7 183 2183 4 M04230 POS -226.040273 90.788742
7 216 2216 4 M04308 POS -246.176781 71.934350
7 357 2357 4 M04317 POS -309.361331 162.577855
7 36 2036 4 M04322 POS -105.942875 25.868193
7 60 2060 4 M04325 POS -133.464988 23.333079
7 73 2073 4 M04336 POS -145.871964 77.203773
7 265 2265 4 M04341 POS -270.284067 100.734662
7 49 2049 4 M04342 POS -121.755523 48.492769
7 32 2032 4 M04419 POS -101.574883 67.342277
7 322 2322 4 M04435 POS -297.843724 98.384842
7 392 2392 4 M04492 POS -333.058626 23.594877
7 372 2372 4 M04493 POS -325.742175 7.096987
7 329 2329 4 M04501 POS -305.548698 25.888929
7 52 2052 4 M04524 POS -125.017193 17.180146
7 51 2051 4 M04633 POS -123.903778 27.686291
7 350 2350 4 M04675 POS -315.061319 21.651861
7 170 2170 4 M04676 POS -218.734955 74.269243
7 200 2200 4 M04677 POS -236.665811 76.139006
7 203 2203 4 M04678 POS -239.977473 45.052364
7 436 2436 4 M04686 POS -351.159873 25.575498
7 253 2253 4 M04687 POS -267.413734 42.734539
7 218 2218 4 M04688 POS -248.372341 51.189482
7 204 2204 4 M04689 POS -241.080035 34.701619
7 168 2168 4 M04692 POS -216.549309 95.070018
7 310 2310 4 M04699 POS -297.090396 19.689172
7 126 2126 4 M04702 POS -188.031227 107.848149
7 370 2370 4 M04704 POS -323.541633 27.818631
7 413 2413 4 M04712 POS -341.596436 29.803472
7 202 2202 4 M04713 POS -238.867029 55.425959
7 149 2149 4 M04719 POS -202.712561 140.793992
7 219 2219 4 M04721 POS -249.488407 40.800317
7 393 2393 4 M04722 POS -334.255441 13.274647
7 165 2165 4 M04723 POS -213.235365 126.207373
7 252 2252 4 M04724 POS -266.324035 53.132137
7 309 2309 4 M04840 POS -295.992681 30.094368
7 161 2161 4 M04843 POS -215.870261 16.281132
7 273 2273 4 M04849 POS -279.159522 17.774907
7 101 2101 4 M04868 POS -168.918044 116.340324
7 323 2323 4 M04871 POS -298.912524 88.067382
7 112 2112 4 M04875 POS -177.341097 122.413047
7 54 2054 4 M04876 POS -126.789520 85.712713
7 327 2327 4 M04904 POS -303.319205 46.608714
7 306 2306 4 M04906 POS -292.678194 61.209644
7 214 2214 4 M04920 POS -243.940869 92.673417
7 415 2415 4 M04922 POS -343.798850 9.078350
7 122 2122 4 M04926 POS -188.402518 18.563652
7 188 2188 4 M04945 POS -231.560746 38.900311
7 235 2235 4 M04946 POS -257.891045 46.975892
7 167 2167 4 M04973 POS -215.431029 105.449326
7 186 2186 4 M04986 POS -229.351154 59.627934
7 233 2233 4 M04989 POS -255.694310 67.694521
7 232 2232 4 M04990 POS -254.555594 78.038759
7 290 2290 4 M04994 POS -286.469764 34.272121
7 414 2414 4 M04996 POS -342.635433 19.414651
7 185 2185 4 M04997 POS -228.258223 70.020448
7 199 2199 4 M05003 POS -235.536045 86.529681
7 166 2166 4 M05020 POS -214.360081 115.839944
7 152 2152 4 M05023 POS -205.927738 109.747536
7 180 2180 4 M05024 POS -222.763815 121.962041
7 154 2154 4 M05085 POS -208.111360 88.932916
7 237 2237 4 M05086 POS -260.113524 26.201592
7 139 2139 4 M05088 POS -197.528834 103.561742
7 437 2437 4 M05206 POS -352.266865 15.203322
7 255 2255 4 M05207 POS -269.651655 22.012049
7 181 2181 4 M05208 POS -223.886496 111.631712
7 138 2138 4 M05212 POS -196.453197 113.987336
7 501 2501 260 M03159 ETC -373.482851 164.565224
7 461 2461 260 M03943 ETC -350.112860 214.502530
8 11 7011 8 P003 FIF -54.432782 -32.519977
8 534 7534 8 P005 FIF -367.780994 -176.415225
8 517 7517 8 P015 FIF -393.750010 -113.392177
8 321 7321 8 P016 FIF -304.355934 -86.317836
8 75 7075 8 P025 FIF -153.269416 -41.628091
8 150 7150 8 P027 FIF -241.346734 -14.298212
8 496 7496 65544 P058 FIF -330.863472 -185.647664
8 482 7482 8 P068 FIF -403.903586 -59.297584
8 239 7239 8 P118 FIF -215.300026 -149.884816
8 439 7439 8 P119 FIF -409.691744 -14.264350
8 541 7541 136 P090 GIF -295.446064 -207.550457
8 542 7542 136 P122 GIF -357.258557 -202.518364
8 261 7261 4 M00636 POS -298.917155 -41.297815
8 450 7450 4 M00936 POS -351.456226 -113.392346
8 361 7361 4 M01001 POS -325.061264 -86.399957
8 244 7244 4 M01033 POS -288.492046 -41.314688
8 243 7243 4 M01081 POS -293.704838 -32.297373
8 295 7295 4 M01088 POS -330.260133 -23.218567
8 330 7330 4 M01094 POS -257.316241 -167.718750
8 397 7397 4 M01095 POS -377.527002 -32.254741
8 394 7394 4 M01099 POS -393.340838 -5.191400
8 304 7304 4 M01100 POS -283.236791 -104.402602
8 233 7233 4 M01109 POS -246.806248 -95.579062
8 250 7250 4 M01214 POS -257.178232 -95.533218
8 419 7419 4 M01237 POS -388.117000 -32.278741
8 302 7302 4 M01267 POS -293.649106 -86.401805
8 46 7046 4 M01454 POS -142.744226 -5.258361
8 348 7348 4 M01455 POS -278.181056 -149.594204
8 352 7352 4 M01470 POS -372.282281 -5.172558
8 435 7435 4 M01473 POS -304.431891 -176.719616
8 92 7092 4 M01605 POS -184.340304 -23.274954
8 366 7366 4 M01630 POS -299.019446 -131.523237
8 343 7343 4 M01633 POS -304.177367 -104.414425
8 258 7258 4 M01690 POS -314.587685 -14.177812
8 472 7472 4 M01691 POS -351.527063 -131.426387
8 325 7325 4 M01703 POS -283.271142 -122.488653
8 407 7407 4 M01717 POS -325.152480 -122.450259
8 451 7451 4 M01719 POS -346.264465 -122.409364
8 286 7286 4 M01724 POS -272.841341 -104.486259
8 471 7471 4 M01742 POS -356.776761 -122.438418
8 103 7103 4 M01764 POS -194.767434 -23.262054
8 137 7137 4 M01788 POS -231.273782 -14.215167
8 505 7505 4 M01789 POS -377.902879 -122.453689
8 201 7201 4 M01808 POS -231.101057 -86.501054
8 215 7215 4 M01834 POS -246.784625 -77.515096
8 391 7391 4 M01862 POS -288.682418 -167.646996
8 485 7485 4 M01953 POS -388.301332 -86.292221
8 356 7356 4 M01977 POS -351.251263 -41.242622
8 118 7118 4 M02022 POS -184.322436 -59.597209
8 347 7347 4 M02023 POS -283.329336 -140.603908
8 349 7349 4 M02024 POS -272.991708 -158.635425
8 431 7431 4 M02027 POS -325.207151 -140.485733
8 83 7083 4 M02031 POS -168.751349 -32.372788
8 22 7022 4 M02053 POS -95.904853 -14.299603
8 345 7345 4 M02060 POS -293.758892 -122.450047
8 156 7156 4 M02065 POS -210.298515 -68.526660
8 196 7196 4 M02117 POS -257.263924 -41.319699
8 275 7275 4 M02129 POS -330.357208 -5.222919
8 491 7491 4 M02189 POS -356.911029 -140.474574
8 364 7364 4 M02196 POS -309.452245 -113.464069
8 328 7328 4 M02249 POS -267.696516 -149.604278
8 409 7409 4 M02257 POS -314.685155 -140.506482
8 227 7227 4 M02261 POS -278.076650 -41.338481
8 306 7306 4 M02286 POS -272.830771 -122.521566
8 436 7436 4 M02300 POS -299.260123 -185.760904
8 324 7324 4 M02301 POS -288.508150 -113.393412
8 48 7048 4 M02307 POS -132.344522 -23.360084
8 19 7019 4 M02311 POS -75.067165 -32.361854
8 170 7170 4 M02316 POS -220.756882 -68.499005
8 288 7288 4 M02317 POS -262.435127 -122.507668
8 277 7277 4 M02331 POS -319.822384 -23.253837
8 387 7387 4 M02344 POS -309.429921 -131.443448
8 257 7257 4 M02348 POS -319.852395 -5.213498
8 373 7373 4 M02350 POS -382.803267 -5.196874
8 350 7350 4 M02353 POS -267.773890 -167.726211
8 309 7309 4 M02369 POS -257.262940 -149.662267
8 276 7276 4 M02374 POS -325.071306 -14.190295
8 508 7508 4 M02378 POS -362.196761 -149.547048
8 293 7293 4 M02379 POS -340.755251 -5.214459
8 413 7413 4 M02382 POS -293.963641 -176.685421
8 425 7425 4 M02386 POS -356.587411 -86.342124
8 27 7027 4 M02390 POS -106.277675 -14.351721
8 365 7365 4 M02392 POS -304.220689 -122.438818
8 369 7369 4 M02397 POS -283.432292 -158.574634
8 307 7307 4 M02401 POS -267.664900 -131.560521
8 141 7141 4 M02404 POS -210.347744 -50.416444
8 245 7245 4 M02413 POS -283.275235 -50.363649
8 520 7520 4 M02430 POS -378.055097 -140.512133
8 367 7367 4 M02433 POS -293.822398 -140.507154
8 47 7047 4 M02444 POS -137.516757 -14.272009
8 305 7305 4 M02453 POS -278.035110 -113.483653
8 467 7467 4 M02456 POS -377.674932 -86.335186
8 468 7468 4 M02458 POS -372.446628 -95.352672
8 412 7412 4 M02459 POS -299.130923 -167.627676
8 241 7241 4 M02465 POS -304.131628 -14.217280
8 372 7372 4 M02467 POS -267.889355 -185.792835
8 447 7447 4 M02471 POS -367.150225 -86.290330
8 323 7323 4 M02472 POS -293.666160 -104.425230
8 24 7024 4 M02474 POS -85.453163 -32.307606
8 390 7390 4 M02476 POS -293.903886 -158.564199
8 473 7473 4 M02479 POS -346.293135 -140.437754
8 294 7294 4 M02480 POS -335.548181 -14.207782
8 385 7385 4 M02484 POS -319.860302 -113.430269
8 429 7429 4 M02487 POS -335.683694 -122.418705
8 232 7232 4 M02492 POS -251.953241 -86.470053
8 388 7388 4 M02493 POS -304.236411 -140.469250
8 486 7486 4 M02496 POS -383.045715 -95.365894
8 240 7240 4 M02506 POS -309.391451 -5.223641
8 329 7329 4 M02514 POS -262.544268 -158.697996
8 172 7172 4 M02516 POS -210.344328 -86.580796
8 392 7392 4 M02523 POS -283.515326 -176.675300
8 522 7522 4 M02529 POS -367.593616 -158.576270
8 507 7507 4 M02533 POS -367.429116 -140.532893
8 368 7368 4 M02537 POS -288.606348 -149.527638
8 211 7211 4 M02542 POS -267.661367 -41.320833
8 282 7282 4 M02543 POS -293.683731 -68.332270
8 143 7143 4 M02544 POS -199.954062 -68.624698
8 490 7490 4 M02546 POS -362.117222 -131.419959
8 386 7386 4 M02547 POS -314.699203 -122.425263
8 415 7415 4 M02566 POS -283.595298 -194.755190
8 503 7503 4 M02567 POS -388.409644 -104.406745
8 223 7223 4 M02571 POS -298.976136 -5.230971
8 289 7289 4 M02572 POS -257.234494 -131.569531
8 408 7408 4 M02575 POS -319.905721 -131.455661
8 107 7107 4 M02577 POS -173.897241 -59.594457
8 457 7457 4 M02585 POS -314.984461 -176.611636
8 140 7140 4 M02587 POS -215.633125 -41.421127
8 327 7327 4 M02596 POS -272.881757 -140.596570
8 370 7370 4 M02598 POS -278.240298 -167.695365
8 326 7326 4 M02601 POS -278.093848 -131.526398
8 216 7216 4 M02606 POS -241.553612 -86.473571
8 521 7521 4 M02607 POS -372.846723 -149.510893
8 222 7222 4 M02609 POS -210.350778 -140.797809
8 308 7308 4 M02610 POS -262.465267 -140.610010
8 204 7204 4 M02649 POS -215.526762 -113.771109
8 210 7210 4 M02651 POS -272.841621 -32.263727
8 262 7262 4 M02666 POS -293.674631 -50.315689
8 32 7032 4 M02667 POS -121.915069 -5.230205
8 86 7086 4 M02671 POS -153.023430 -59.651974
8 183 7183 4 M02682 POS -236.348866 -59.441653
8 104 7104 4 M02698 POS -189.641169 -32.354526
8 224 7224 4 M02699 POS -293.734046 -14.243160
8 459 7459 4 M02704 POS -304.612832 -194.752570
8 166 7166 4 M02711 POS -241.613552 -32.297080
8 97 7097 4 M02722 POS -158.288341 -68.675517
8 434 7434 4 M02724 POS -309.610704 -167.621461
8 489 7489 4 M02728 POS -367.345953 -122.442160
8 453 7453 4 M02733 POS -335.740601 -140.495693
8 130 7130 4 M02737 POS -194.720410 -59.525877
8 198 7198 4 M02738 POS -246.749072 -59.413668
8 186 7186 4 M02758 POS -220.790747 -86.575000
8 145 7145 4 M02781 POS -189.544108 -86.736804
8 112 7112 4 M02801 POS -215.634124 -5.207636
8 255 7255 4 M02802 POS -231.224702 -140.726945
8 125 7125 4 M02803 POS -220.875804 -14.221192
8 311 7311 4 M02804 POS -246.890452 -167.766469
8 193 7193 4 M02818 POS -272.897746 -14.244190
8 151 7151 4 M02819 POS -236.435071 -23.252620
8 124 7124 4 M02823 POS -226.075786 -5.193977
8 72 7072 4 M02824 POS -168.740239 -14.259527
8 139 7139 4 M02831 POS -220.880014 -32.322422
8 40 7040 4 M02832 POS -127.079149 -14.311877
8 64 7064 4 M02834 POS -153.136854 -23.391746
8 301 7301 4 M02835 POS -298.889658 -77.361155
8 187 7187 4 M02836 POS -215.570300 -95.605776
8 168 7168 4 M02837 POS -231.144249 -50.392680
8 236 7236 4 M02842 POS -231.217523 -122.673344
8 214 7214 4 M02846 POS -251.966085 -68.445752
8 268 7268 4 M02849 POS -262.382355 -104.501232
8 119 7119 4 M02851 POS -179.103307 -68.676328
8 85 7085 4 M02857 POS -158.238724 -50.481637
8 181 7181 4 M02863 POS -246.827073 -41.294520
8 346 7346 4 M02871 POS -288.550741 -131.546638
8 33 7033 4 M02873 POS -116.688214 -14.232722
8 270 7270 4 M02882 POS -252.048724 -122.562186
8 274 7274 4 M02883 POS -231.245525 -158.767541
8 117 7117 4 M02884 POS -189.578412 -50.501003
8 109 7109 4 M02901 POS -163.533391 -77.690490
8 267 7267 4 M02902 POS -267.562635 -95.475422
8 158 7158 4 M02904 POS -199.887034 -86.667597
8 197 7197 4 M02906 POS -251.981746 -50.395038
8 123 7123 4 M02913 POS -158.280566 -104.851124
8 153 7153 4 M02919 POS -226.036390 -41.373163
8 263 7263 4 M02922 POS -288.448242 -59.318806
8 247 7247 4 M02937 POS -272.787268 -68.391855
8 96 7096 4 M02939 POS -163.511821 -59.595072
8 441 7441 4 M02959 POS -398.782853 -32.301169
8 154 7154 4 M02965 POS -220.785900 -50.474713
8 94 7094 4 M02968 POS -173.926699 -41.421797
8 131 7131 4 M02969 POS -189.506503 -68.563972
8 26 7026 4 M02973 POS -111.485820 -5.287756
8 414 7414 4 M02974 POS -288.766712 -185.711885
8 129 7129 4 M02976 POS -199.946858 -50.445831
8 39 7039 4 M02989 POS -132.345257 -5.246037
8 34 7034 4 M02992 POS -111.523967 -23.306131
8 452 7452 4 M02997 POS -340.985832 -131.419383
8 142 7142 4 M03001 POS -205.179214 -59.498496
8 106 7106 4 M03002 POS -179.113278 -50.476430
8 171 7171 4 M03010 POS -215.520018 -77.613880
8 411 7411 4 M03012 POS -304.338860 -158.530041
8 93 7093 4 M03018 POS -179.143619 -32.392643
8 389 7389 4 M03019 POS -299.044644 -149.536130
8 230 7230 4 M03030 POS -262.356209 -68.436106
8 155 7155 4 M03036 POS -215.604097 -59.475411
8 160 7160 4 M03045 POS -189.577769 -104.758543
8 448 7448 4 M03051 POS -361.907056 -95.343895
8 220 7220 4 M03057 POS -220.754364 -122.681132
8 116 7116 4 M03072 POS -194.773593 -41.351703
8 132 7132 4 M03073 POS -184.313952 -77.648427
8 252 7252 4 M03079 POS -246.823744 -113.604381
8 144 7144 4 M03081 POS -194.677026 -77.619580
8 203 7203 4 M03117 POS -220.680978 -104.642420
8 242 7242 4 M03118 POS -298.913188 -23.285073
8 209 7209 4 M03119 POS -278.088556 -23.272050
8 226 7226 4 M03121 POS -283.295750 -32.242100
8 21 7021 4 M03124 POS -101.133849 -5.256195
8 167 7167 4 M03135 POS -236.398273 -41.306849
8 84 7084 4 M03137 POS -163.524011 -41.432069
8 120 7120 4 M03147 POS -173.928958 -77.692225
8 334 7334 4 M03176 POS -351.218972 -23.193986
8 208 7208 4 M03197 POS -283.323391 -14.254229
8 371 7371 4 M03210 POS -273.042879 -176.715402
8 182 7182 4 M03211 POS -241.597805 -50.332524
8 135 7135 4 M03212 POS -168.729992 -104.839916
8 65 7065 4 M03213 POS -147.925600 -32.425659
8 199 7199 4 M03214 POS -241.549254 -68.476882
8 169 7169 4 M03216 POS -225.934097 -59.503226
8 443 7443 4 M03218 POS -388.187126 -50.253530
8 57 7057 4 M03222 POS -137.543719 -32.401497
8 314 7314 4 M03226 POS -340.735400 -23.197618
8 229 7229 4 M03230 POS -267.620734 -59.375668
8 253 7253 4 M03231 POS -241.635304 -122.654085
8 212 7212 4 M03256 POS -262.374935 -50.361819
8 163 7163 4 M03304 POS -257.246015 -5.223034
8 105 7105 4 M03314 POS -184.390840 -41.391929
8 271 7271 4 M03317 POS -246.815433 -131.661622
8 225 7225 4 M03321 POS -288.497258 -23.270838
8 115 7115 4 M03325 POS -200.014143 -32.303177
8 41 7041 4 M03342 POS -121.900990 -23.361634
8 74 7074 4 M03343 POS -158.317739 -32.376566
8 195 7195 4 M03348 POS -262.433945 -32.278995
8 147 7147 4 M03352 POS -179.097934 -104.808049
8 219 7219 4 M03354 POS -225.941118 -113.623401
8 127 7127 4 M03356 POS -210.428644 -32.378410
8 180 7180 4 M03362 POS -252.070700 -32.270912
8 430 7430 4 M03367 POS -330.406733 -131.422036
8 283 7283 4 M03371 POS -288.472497 -77.421845
8 194 7194 4 M03374 POS -267.685058 -23.236942
8 28 7028 4 M03380 POS -101.044279 -23.332089
8 437 7437 4 M03390 POS -294.083854 -194.762267
8 73 7073 4 M03409 POS -163.541620 -23.328370
8 179 7179 4 M03417 POS -257.258176 -23.287750
8 502 7502 4 M03419 POS -393.660382 -95.349229
8 56 7056 4 M03515 POS -142.706059 -23.445484
8 264 7264 4 M03520 POS -283.205184 -68.362884
8 128 7128 4 M03526 POS -205.256634 -41.351256
8 235 7235 4 M03527 POS -236.386759 -113.623777
8 152 7152 4 M03560 POS -231.247260 -32.344962
8 164 7164 4 M03561 POS -252.030660 -14.245729
8 188 7188 4 M03569 POS -210.338997 -104.719509
8 178 7178 4 M03570 POS -262.440395 -14.194354
8 493 7493 4 M03846 POS -346.411024 -158.531954
8 357 7357 4 M04065 POS -345.976666 -50.261969
8 477 7477 4 M04087 POS -325.490301 -176.622353
8 260 7260 4 M04092 POS -304.120911 -32.267848
8 524 7524 4 M04099 POS -357.117847 -176.640337
8 269 7269 4 M04104 POS -257.178757 -113.557267
8 303 7303 4 M04105 POS -288.420373 -95.382574
8 192 7192 4 M04124 POS -278.110513 -5.206734
8 297 7297 4 M04142 POS -319.808869 -41.265917
8 442 7442 4 M04152 POS -393.474507 -41.286990
8 35 7035 4 M04155 POS -106.288288 -32.395713
8 279 7279 4 M04158 POS -309.333629 -41.250194
8 316 7316 4 M04159 POS -330.285578 -41.263958
8 278 7278 4 M04179 POS -314.570393 -32.251242
8 456 7456 4 M04200 POS -320.180547 -167.570728
8 249 7249 4 M04242 POS -262.380877 -86.461979
8 495 7495 4 M04249 POS -336.016351 -176.608876
8 494 7494 4 M04253 POS -341.205864 -167.546295
8 454 7454 4 M04255 POS -330.552091 -149.485752
8 433 7433 4 M04275 POS -314.804621 -158.574415
8 340 7340 4 M04276 POS -319.812926 -77.339069
8 432 7432 4 M04376 POS -320.002052 -149.575458
8 344 7344 4 M04377 POS -298.924626 -113.404381
8 228 7228 4 M04397 POS -272.818933 -50.338095
8 281 7281 4 M04398 POS -298.879480 -59.331379
8 475 7475 4 M04411 POS -335.875736 -158.541633
8 266 7266 4 M04412 POS -272.762392 -86.464575
8 509 7509 4 M04414 POS -356.954361 -158.551101
8 523 7523 4 M04417 POS -362.356980 -167.593146
8 360 7360 4 M04436 POS -330.284521 -77.371351
8 159 7159 4 M04448 POS -194.747536 -95.683647
8 134 7134 4 M04450 POS -173.941915 -95.715025
8 16 7016 4 M04452 POS -90.660883 -5.271035
8 161 7161 4 M04453 POS -184.313049 -113.775032
8 205 7205 4 M04454 POS -210.376091 -122.698453
8 190 7190 4 M04455 POS -199.975181 -122.796717
8 133 7133 4 M04456 POS -179.093936 -86.722529
8 175 7175 4 M04457 POS -194.797653 -113.810968
8 122 7122 4 M04458 POS -163.496078 -95.773433
8 146 7146 4 M04459 POS -184.360368 -95.754693
8 189 7189 4 M04460 POS -205.185215 -113.704634
8 332 7332 4 M04461 POS -361.738284 -5.194371
8 173 7173 4 M04462 POS -205.135406 -95.673891
8 284 7284 4 M04470 POS -283.207642 -86.374766
8 287 7287 4 M04481 POS -267.606973 -113.488138
8 322 7322 4 M04526 POS -298.882834 -95.371983
8 285 7285 4 M04531 POS -277.977325 -95.481095
8 63 7063 4 M04546 POS -158.330731 -14.285381
8 148 7148 4 M04552 POS -173.902718 -113.810204
8 55 7055 4 M04553 POS -147.917814 -14.273512
8 200 7200 4 M04554 POS -236.306350 -77.476822
8 417 7417 4 M04556 POS -398.734932 -14.207855
8 377 7377 4 M04557 POS -361.724471 -41.285254
8 421 7421 4 M04558 POS -377.580714 -50.263206
8 519 7519 4 M04559 POS -383.347844 -131.477383
8 318 7318 4 M04561 POS -319.800868 -59.298595
8 363 7363 4 M04562 POS -314.637855 -104.448269
8 423 7423 4 M04563 POS -367.047887 -68.324187
8 395 7395 4 M04564 POS -388.077998 -14.208943
8 101 7101 4 M04565 POS -205.228406 -5.199189
8 4 7004 4 M04566 POS -43.863151 -14.340226
8 333 7333 4 M04568 POS -356.538543 -14.212133
8 351 7351 4 M04569 POS -262.619758 -176.723039
8 466 7466 4 M04570 POS -382.964185 -77.309387
8 422 7422 4 M04571 POS -372.325474 -59.311646
8 354 7354 4 M04572 POS -361.660291 -23.159624
8 149 7149 4 M04573 POS -246.859947 -5.215223
8 113 7113 4 M04582 POS -210.427158 -14.274482
8 424 7424 4 M04584 POS -361.831205 -77.343670
8 273 7273 4 M04585 POS -236.455940 -149.703487
8 525 7525 4 M04586 POS -351.961027 -185.726350
8 248 7248 4 M04592 POS -267.611074 -77.443807
8 13 7013 4 M04615 POS -75.045927 -14.348890
8 108 7108 4 M04616 POS -168.718392 -68.633300
8 78 7078 4 M04617 POS -137.401208 -68.636469
8 98 7098 4 M04618 POS -153.124405 -77.665010
8 157 7157 4 M04620 POS -205.182653 -77.610923
8 176 7176 4 M04621 POS -189.538547 -122.776367
8 14 7014 4 M04623 POS -69.839049 -23.357970
8 206 7206 4 M04624 POS -205.159878 -131.748713
8 341 7341 4 M04625 POS -314.592430 -86.361810
8 218 7218 4 M04628 POS -231.170439 -104.653619
8 492 7492 4 M04701 POS -351.663262 -149.476428
8 455 7455 4 M04705 POS -325.372595 -158.527749
8 29 7029 4 M04718 POS -95.846965 -32.424090
8 400 7400 4 M04729 POS -361.778336 -59.295571
8 410 7410 4 M04732 POS -309.511605 -149.544527
8 462 7462 4 M04740 POS -404.071249 -41.246395
8 474 7474 4 M04781 POS -341.060632 -149.514710
8 54 7054 4 M04800 POS -153.114900 -5.194890
8 62 7062 4 M04801 POS -163.540578 -5.175296
8 458 7458 4 M04825 POS -309.805575 -185.681242
8 79 7079 4 M04897 POS -132.205426 -77.689573
8 69 7069 4 M04899 POS -126.992625 -68.647163
8 88 7088 4 M04900 POS -142.599806 -77.703083
8 45 7045 4 M04908 POS -100.977589 -59.636220
8 61 7061 4 M04909 POS -116.564445 -68.623630
8 53 7053 4 M04910 POS -106.159915 -68.697534
8 102 7102 4 M04912 POS -200.071217 -14.245859
8 87 7087 4 M04914 POS -147.809118 -68.656425
8 68 7068 4 M04915 POS -132.231689 -59.556612
8 71 7071 4 M04916 POS -173.941245 -5.243274
8 82 7082 4 M04917 POS -173.912316 -23.278545
8 526 7526 4 M04921 POS -346.737489 -194.710615
8 213 7213 4 M04924 POS -257.195371 -59.430241
8 476 7476 4 M04956 POS -330.682147 -167.665389
8 510 7510 4 M04960 POS -351.708937 -167.541202
8 338 7338 4 M05019 POS -330.279349 -59.331045
8 381 7381 4 M05030 POS -340.791180 -77.313797
8 138 7138 4 M05032 POS -226.058618 -23.262523
8 238 7238 4 M05033 POS -220.787290 -140.758301
8 310 7310 4 M05034 POS -252.086697 -158.716923
8 336 7336 4 M05036 POS -340.712635 -41.254119
8 416 7416 4 M05038 POS -404.076176 -5.190351
8 359 7359 4 M05039 POS -335.536965 -68.324019
8 426 7426 4 M05043 POS -351.338762 -95.358435
8 207 7207 4 M05076 POS -288.519551 -5.176440
8 121 7121 4 M05093 POS -168.692400 -86.717258
8 7 7007 4 M05094 POS -49.094496 -23.391779
8 15 7015 4 M05095 POS -64.670834 -32.377447
8 174 7174 4 M05096 POS -199.963726 -104.746663
8 18 7018 4 M05097 POS -80.239543 -23.326153
8 110 7110 4 M05098 POS -158.338673 -86.715397
8 23 7023 4 M05099 POS -90.685734 -23.332486
8 393 7393 4 M05101 POS -278.326061 -185.725722
8 418 7418 4 M05102 POS -393.385084 -23.235688
8 126 7126 4 M05103 POS -215.673933 -23.276685
8 254 7254 4 M05104 POS -236.404381 -131.647784
8 237 7237 4 M05106 POS -225.964670 -131.709874
8 504 7504 4 M05108 POS -383.126519 -113.445973
8 337 7337 4 M05109 POS -335.462300 -50.253283
8 259 7259 4 M05111 POS -309.345827 -23.209232
8 2 7002 4 M05112 POS -33.494991 -14.387854
8 355 7355 4 M05113 POS -356.516459 -32.260722
8 405 7405 4 M05114 POS -335.598701 -104.413932
8 420 7420 4 M05117 POS -382.822404 -41.240941
8 162 7162 4 M05119 POS -179.151288 -122.834415
8 177 7177 4 M05124 POS -267.684616 -5.185254
8 42 7042 4 M05126 POS -116.666166 -32.364685
8 43 7043 4 M05127 POS -111.454684 -41.438557
8 202 7202 4 M05133 POS -225.906909 -95.667958
8 440 7440 4 M05134 POS -404.039423 -23.210280
8 353 7353 4 M05135 POS -366.990531 -14.180539
8 374 7374 4 M05136 POS -377.513613 -14.208309
8 483 7483 4 M05138 POS -398.871604 -68.311784
8 383 7383 4 M05139 POS -330.326318 -95.328810
8 398 7398 4 M05140 POS -372.289789 -41.277355
8 339 7339 4 M05141 POS -325.032240 -68.323973
8 89 7089 4 M05153 POS -137.403823 -86.746309
8 99 7099 4 M05154 POS -147.863320 -86.796171
8 70 7070 4 M05155 POS -121.791113 -77.718299
8 12 7012 4 M05156 POS -80.247146 -5.318657
8 8 7008 4 M05158 POS -69.876997 -5.261969
8 428 7428 4 M05161 POS -340.881113 -113.413312
8 362 7362 4 M05162 POS -319.835542 -95.381334
8 506 7506 4 M05165 POS -372.666533 -131.498792
8 384 7384 4 M05167 POS -325.089872 -104.339920
8 299 7299 4 M05168 POS -309.339581 -59.305558
8 404 7404 4 M05169 POS -340.841747 -95.406345
8 406 7406 4 M05170 POS -330.361453 -113.370532
8 427 7427 4 M05172 POS -346.132047 -104.389517
8 342 7342 4 M05174 POS -309.407817 -95.334982
8 320 7320 4 M05175 POS -309.378235 -77.372312
8 403 7403 4 M05176 POS -346.051846 -86.375710
8 5 7005 4 M05177 POS -59.515817 -5.263368
8 111 7111 4 M05178 POS -153.119876 -95.728870
8 100 7100 4 M05179 POS -142.625660 -95.830497
8 3 7003 4 M05180 POS -49.047369 -5.299771
8 136 7136 4 M05185 POS -236.435404 -5.202411
8 165 7165 4 M05186 POS -246.800061 -23.216093
8 317 7317 4 M05203 POS -325.064092 -50.294462
8 246 7246 4 M05244 POS -278.024900 -59.370074
8 217 7217 4 M05296 POS -236.329726 -95.560547
8 60 7060 4 M05304 POS -121.833029 -59.629520
8 36 7036 4 M05311 POS -101.068577 -41.369624
8 49 7049 4 M05314 POS -127.122788 -32.384172
8 58 7058 4 M05315 POS -132.265220 -41.480976
8 185 7185 4 M05316 POS -225.931931 -77.503433
8 265 7265 4 M05363 POS -278.000576 -77.409681
8 511 7511 4 M05371 POS -346.542904 -176.638264
8 446 7446 4 M05375 POS -372.408162 -77.319640
8 379 7379 4 M05377 POS -351.239356 -59.282267
8 469 7469 4 M05378 POS -367.242004 -104.345636
8 66 7066 4 M05388 POS -142.688010 -41.495354
8 77 7077 4 M05389 POS -142.631009 -59.609354
8 59 7059 4 M05390 POS -127.069595 -50.481172
8 67 7067 4 M05392 POS -137.413216 -50.513002
8 50 7050 4 M05393 POS -121.921062 -41.410305
8 95 7095 4 M05402 POS -168.723153 -50.483123
8 91 7091 4 M05403 POS -189.540209 -14.212436
8 9 7009 4 M05404 POS -64.626624 -14.319596
8 0 7000 4 M05405 POS -28.237033 -5.352237
8 396 7396 4 M05407 POS -382.803107 -23.266067
8 378 7378 4 M05416 POS -356.499074 -50.292968
8 251 7251 4 M05417 POS -251.984741 -104.529481
8 191 7191 4 M05419 POS -194.797485 -131.778511
8 114 7114 4 M05420 POS -205.224814 -23.303912
8 470 7470 4 M05421 POS -362.000803 -113.370091
8 300 7300 4 M05422 POS -304.122318 -68.334317
8 10 7010 4 M05423 POS -59.513710 -23.392537
8 313 7313 4 M05427 POS -346.049774 -14.186448
8 375 7375 4 M05429 POS -372.253536 -23.235014
8 512 7512 4 M05436 POS -341.343264 -185.690845
8 487 7487 4 M05441 POS -377.797897 -104.351381
8 484 7484 4 M05442 POS -393.604795 -77.330093
8 37 7037 4 M05443 POS -95.772196 -50.492405
8 184 7184 4 M05450 POS -231.125737 -68.466925
8 449 7449 4 M05451 POS -356.690008 -104.398679
8 376 7376 4 M05452 POS -367.081401 -32.265514
8 234 7234 4 M05453 POS -241.545434 -104.599646
8 80 7080 4 M05459 POS -184.346696 -5.201266
8 292 7292 4 M05460 POS -241.670477 -158.709355
8 256 7256 4 M05461 POS -226.047408 -149.803921
8 290 7290 4 M05462 POS -252.082483 -140.614378
8 272 7272 4 M05463 POS -241.633202 -140.724042
8 315 7315 4 M05469 POS -335.532598 -32.222994
8 335 7335 4 M05470 POS -345.981658 -32.227736
8 401 7401 4 M05471 POS -356.520961 -68.278068
8 298 7298 4 M05472 POS -314.589050 -50.286672
8 319 7319 4 M05474 POS -314.584604 -68.328221
8 382 7382 4 M05475 POS -335.567043 -86.325874
8 280 7280 4 M05476 POS -304.143147 -50.319773
8 380 7380 4 M05477 POS -346.012940 -68.302808
8 488 7488 4 M05478 POS -372.631605 -113.405574
8 463 7463 4 M05479 POS -398.788029 -50.284576
8 52 7052 4 M05480 POS -111.385517 -59.591441
8 76 7076 4 M05481 POS -147.845528 -50.504016
8 51 7051 4 M05482 POS -116.661702 -50.513741
8 312 7312 4 M05493 POS -351.334279 -5.176289
8 358 7358 4 M05494 POS -340.746861 -59.273134
8 296 7296 4 M05500 POS -324.987920 -32.197211
8 291 7291 4 M05505 POS -246.864979 -149.741538
8 399 7399 4 M05506 POS -367.043746 -50.301296
8 464 7464 4 M05508 POS -393.507326 -59.355978
8 444 7444 4 M05509 POS -382.938583 -59.289191
8 518 7518 4 M05515 POS -388.631735 -122.421843
8 44 7044 4 M05516 POS -106.283466 -50.523907
8 465 7465 4 M05517 POS -388.235033 -68.303255
8 445 7445 4 M05518 POS -377.642931 -68.276115
8 231 7231 4 M05524 POS -257.176025 -77.470531
8 402 7402 4 M05543 POS -351.313779 -77.349392
8 81 7081 4 M05549 POS -179.149382 -14.265736
8 1 7001 4 M05550 POS -38.702180 -5.262552
8 6 7006 4 M05551 POS -54.260907 -14.272072
8 221 7221 4 M05552 POS -215.602143 -131.758109
8 17 7017 4 M05553 POS -85.436758 -14.296365
8 90 7090 4 M05583 POS -194.760387 -5.187340
8 20 7020 4 M05956 POS -69.850861 -41.453832
8 30 7030 4 M05957 POS -90.675146 -41.394000
8 31 7031 4 M05958 POS -85.397590 -50.464378
8 25 7025 4 M05960 POS -80.216365 -41.470507
8 461 7461 260 M02732 ETC -409.457932 -32.229869
8 501 7501 260 M04583 ETC -399.015205 -86.367107
9 517 9517 8 P008 FIF -251.648084 -323.273492
9 150 9150 8 P024 FIF -186.895369 -153.476890
9 321 9321 8 P042 FIF -195.501409 -248.456830
9 496 9496 8 P052 FIF -158.203170 -344.482408
9 11 9011 8 P062 FIF -25.043160 -58.160372
9 239 9239 8 P069 FIF -86.284782 -247.568497
9 75 9075 8 P088 FIF -99.571503 -123.304996
9 482 9482 8 P093 FIF -291.972221 -285.754587
9 534 9534 8 P098 FIF -193.417520 -358.894335
9 439 9439 8 P101 FIF -323.062476 -252.154975
9 542 9542 136 P026 GIF -170.150454 -373.772487
9 541 9541 136 P107 GIF -116.844174 -341.573160
9 502 9502 4 M00660 POS -262.418319 -308.603804
9 132 9132 4 M00676 POS -103.439467 -171.215092
9 432 9432 4 M00946 POS -170.937690 -309.089338
9 109 9109 4 M00956 POS -86.608472 -159.008447
9 303 9303 4 M01058 POS -177.227002 -246.754697
9 304 9304 4 M01092 POS -167.737764 -251.005233
9 285 9285 4 M01093 POS -168.821677 -240.683557
9 9 9009 4 M01096 POS -43.893756 -49.543998
9 1 9001 4 M01097 POS -28.183381 -26.951697
9 234 9234 4 M01104 POS -133.985573 -226.573082
9 214 9214 4 M01136 POS -163.658866 -203.488879
9 251 9251 4 M01295 POS -142.427356 -232.675117
9 163 9163 4 M01404 POS -205.056800 -155.487185
9 492 9492 4 M01405 POS -196.569578 -327.654776
9 144 9144 4 M01407 POS -111.885813 -177.259187
9 449 9449 4 M01426 POS -227.214287 -294.108950
9 232 9232 4 M01448 POS -153.002252 -218.075440
9 185 9185 4 M01450 POS -137.179787 -195.508771
9 410 9410 4 M01478 POS -162.506087 -302.937120
9 194 9194 4 M01479 POS -202.837789 -176.180903
9 16 9016 4 M01483 POS -70.263317 -57.584837
9 3 9003 4 M01484 POS -36.527133 -33.106230
9 116 9116 4 M01487 POS -133.307619 -147.990667
9 458 9458 4 M01491 POS -141.495671 -332.302334
9 36 9036 4 M01492 POS -57.467943 -92.903416
9 195 9195 4 M01494 POS -193.342451 -180.449768
9 70 9070 4 M01500 POS -52.902346 -134.443619
9 231 9231 4 M01505 POS -162.501757 -213.856733
9 433 9433 4 M01507 POS -161.498028 -313.315987
9 69 9069 4 M01509 POS -62.384892 -130.242449
9 379 9379 4 M01512 POS -249.290901 -254.510021
9 89 9089 4 M01514 POS -60.253810 -151.005180
9 263 9263 4 M01515 POS -198.492320 -217.554242
9 100 9100 4 M01516 POS -59.099335 -161.308654
9 434 9434 4 M01517 POS -151.949710 -317.588984
9 268 9268 4 M01521 POS -150.871317 -238.772713
9 66 9066 4 M01523 POS -91.052068 -117.417982
9 106 9106 4 M01524 POS -115.240624 -146.123954
9 302 9302 4 M01525 POS -186.806275 -242.518557
9 261 9261 4 M01527 POS -217.508638 -209.155998
9 226 9226 4 M01535 POS -210.183695 -192.680143
9 88 9088 4 M01538 POS -69.699761 -146.798201
9 390 9390 4 M01539 POS -144.520474 -301.085640
9 87 9087 4 M01540 POS -79.257535 -142.462607
9 244 9244 4 M01545 POS -209.088290 -202.993924
9 246 9246 4 M01546 POS -190.056144 -211.426638
9 350 9350 4 M01547 POS -118.097305 -293.017262
9 509 9509 4 M01548 POS -195.552191 -338.117597
9 476 9476 4 M01549 POS -169.051874 -329.924214
9 414 9414 4 M01551 POS -124.505271 -319.974255
9 323 9323 4 M01556 POS -176.234247 -257.094466
9 477 9477 4 M01557 POS -159.474970 -334.222069
9 393 9393 4 M01559 POS -115.998852 -313.845088
9 130 9130 4 M01560 POS -122.529755 -162.703790
9 85 9085 4 M01561 POS -98.437345 -133.845759
9 29 9029 4 M01566 POS -58.492754 -82.539355
9 117 9117 4 M01567 POS -123.675381 -152.307112
9 111 9111 4 M01569 POS -67.555313 -167.404637
9 229 9229 4 M01579 POS -181.568187 -205.323921
9 61 9061 4 M01580 POS -53.891085 -124.097643
9 493 9493 4 M01583 POS -187.010506 -331.898673
9 99 9099 4 M01584 POS -68.616829 -157.117821
9 459 9459 4 M01588 POS -132.070768 -336.656020
9 415 9415 4 M01589 POS -114.940279 -324.273114
9 216 9216 4 M01591 POS -144.568719 -211.982640
9 392 9392 4 M01600 POS -125.509415 -309.542998
9 172 9172 4 M01609 POS -119.258035 -193.663601
9 179 9179 4 M01614 POS -194.451667 -170.024229
9 186 9186 4 M01616 POS -127.696034 -199.755619
9 188 9188 4 M01622 POS -108.661417 -208.259259
9 330 9330 4 M01623 POS -109.601719 -286.929588
9 299 9299 4 M01624 POS -215.388340 -229.899328
9 372 9372 4 M01625 POS -107.485240 -307.700165
9 45 9045 4 M01628 POS -46.619349 -107.577446
9 436 9436 4 M01635 POS -132.933115 -326.138710
9 139 9139 4 M01642 POS -159.654466 -155.937395
9 107 9107 4 M01665 POS -105.678327 -150.379894
9 12 9012 4 M01669 POS -61.893901 -51.388465
9 34 9034 4 M01670 POS -76.519646 -84.420659
9 95 9095 4 M01677 POS -106.831690 -140.026392
9 50 9050 4 M01683 POS -74.246180 -105.227303
9 455 9455 4 M01693 POS -170.000935 -319.536286
9 151 9151 4 M01694 POS -177.575294 -157.846210
9 203 9203 4 M01696 POS -117.060606 -214.415862
9 267 9267 4 M01697 POS -160.359807 -234.525722
9 145 9145 4 M01698 POS -102.322536 -181.497291
9 266 9266 4 M01700 POS -169.893696 -230.254010
9 474 9474 4 M01701 POS -188.076754 -321.432997
9 149 9149 4 M01704 POS -196.698267 -149.366066
9 475 9475 4 M01705 POS -178.532275 -325.710445
9 58 9058 4 M01708 POS -82.647053 -111.282757
9 218 9218 4 M01709 POS -125.514246 -220.486554
9 504 9504 4 M01732 POS -243.302766 -317.008799
9 524 9524 4 M01752 POS -185.104740 -352.804310
9 454 9454 4 M01758 POS -179.576670 -315.240822
9 207 9207 4 M01759 POS -230.324648 -173.878843
9 0 9000 4 M01761 POS -19.747483 -20.849852
9 98 9098 4 M01772 POS -78.184953 -152.869294
9 192 9192 4 M01773 POS -221.904372 -167.698326
9 457 9457 4 M01774 POS -151.029833 -328.006909
9 233 9233 4 M01775 POS -143.496242 -222.322523
9 351 9351 4 M01777 POS -108.582437 -297.374029
9 94 9094 4 M01778 POS -116.387377 -135.791621
9 79 9079 4 M01779 POS -61.287839 -140.589233
9 82 9082 4 M01780 POS -127.051290 -121.131407
9 286 9286 4 M01784 POS -159.303160 -244.974507
9 171 9171 4 M01786 POS -128.815661 -189.478828
9 201 9201 4 M01787 POS -136.085709 -205.893876
9 329 9329 4 M01812 POS -119.065874 -282.675056
9 210 9210 4 M01832 POS -201.749654 -186.507068
9 142 9142 4 M01859 POS -130.912563 -168.759055
9 173 9173 4 M01885 POS -109.740993 -198.005971
9 5 9005 4 M01896 POS -44.995896 -39.157399
9 371 9371 4 M01905 POS -116.966885 -303.447062
9 146 9146 4 M01912 POS -92.879645 -185.774891
9 199 9199 4 M01937 POS -155.178717 -197.366947
9 35 9035 4 M01940 POS -66.966131 -88.657438
9 437 9437 4 M01945 POS -123.536955 -330.527656
9 6 9006 4 M01946 POS -35.457253 -43.468413
9 83 9083 4 M01950 POS -117.523262 -125.419921
9 118 9118 4 M01952 POS -114.109235 -156.514864
9 8 9008 4 M01959 POS -53.401638 -45.293295
9 17 9017 4 M01967 POS -60.770787 -61.775381
9 435 9435 4 M01968 POS -142.488173 -321.858319
9 53 9053 4 M01969 POS -45.568849 -117.969542
9 78 9078 4 M01970 POS -70.827540 -136.307166
9 105 9105 4 M01972 POS -124.813598 -141.839015
9 43 9043 4 M01987 POS -65.827154 -99.073778
9 495 9495 4 M01996 POS -168.047527 -340.385450
9 412 9412 4 M02034 POS -143.473025 -311.438245
9 153 9153 4 M02038 POS -158.554967 -166.297265
9 318 9318 4 M02047 POS -223.860204 -236.029817
9 411 9411 4 M02051 POS -153.010691 -307.185342
9 369 9369 4 M02063 POS -136.024690 -294.846199
9 349 9349 4 M02113 POS -127.605655 -288.709863
9 127 9127 4 M02121 POS -151.203950 -149.927248
9 159 9159 4 M02122 POS -101.276988 -191.898639
9 181 9181 4 M02126 POS -175.384652 -178.560286
9 456 9456 4 M02127 POS -160.549856 -323.750208
9 391 9391 4 M02128 POS -135.016276 -305.300058
9 413 9413 4 M02157 POS -134.028845 -315.697518
9 225 9225 4 M02190 POS -219.796939 -188.351094
9 121 9121 4 M02212 POS -85.485918 -169.318722
9 470 9470 4 M02217 POS -226.176954 -304.547702
9 120 9120 4 M02242 POS -95.016078 -165.042324
9 141 9141 4 M02244 POS -140.558848 -164.464259
9 209 9209 4 M02245 POS -211.364997 -182.316742
9 242 9242 4 M02246 POS -228.261045 -194.502513
9 248 9248 4 M02253 POS -170.986608 -219.956659
9 328 9328 4 M02254 POS -128.648553 -278.471092
9 309 9309 4 M02258 POS -120.173425 -272.302689
9 339 9339 4 M02262 POS -222.785971 -246.368208
9 183 9183 4 M02273 POS -156.245426 -187.015389
9 402 9402 4 M02274 POS -238.731269 -269.063064
9 381 9381 4 M02303 POS -230.240861 -262.915473
9 340 9340 4 M02313 POS -213.265336 -250.631683
9 217 9217 4 M02328 POS -135.077066 -216.198911
9 427 9427 4 M02343 POS -218.671732 -287.906520
9 344 9344 4 M02359 POS -175.123096 -267.477227
9 341 9341 4 M02368 POS -203.788618 -254.820566
9 518 9518 4 M02372 POS -242.400718 -327.478803
9 403 9403 4 M02376 POS -229.244526 -273.320162
9 319 9319 4 M02384 POS -214.322123 -240.217841
9 193 9193 4 M02394 POS -212.396412 -171.927525
9 202 9202 4 M02403 POS -126.546382 -210.097257
9 359 9359 4 M02405 POS -231.298426 -252.538960
9 187 9187 4 M02420 POS -118.116607 -204.059533
9 320 9320 4 M02421 POS -204.809217 -244.417583
9 169 9169 4 M02427 POS -147.832584 -180.891147
9 208 9208 4 M02448 POS -220.791869 -178.073167
9 361 9361 4 M02478 POS -212.240492 -260.958847
9 370 9370 4 M02482 POS -126.557907 -299.123428
9 198 9198 4 M02488 POS -164.679922 -193.154367
9 505 9505 4 M02509 POS -233.781797 -321.219950
9 265 9265 4 M02522 POS -179.394864 -226.010817
9 243 9243 4 M02525 POS -218.718376 -198.766800
9 224 9224 4 M02526 POS -229.314012 -184.182110
9 164 9164 4 M02527 POS -195.503967 -159.718037
9 380 9380 4 M02536 POS -239.839815 -258.680856
9 348 9348 4 M02551 POS -137.128315 -284.559691
9 382 9382 4 M02554 POS -220.739797 -267.098569
9 177 9177 4 M02555 POS -213.505618 -161.576667
9 178 9178 4 M02558 POS -204.059266 -165.799877
9 488 9488 4 M02559 POS -234.781511 -310.739563
9 213 9213 4 M02573 POS -173.151081 -199.226223
9 425 9425 4 M02727 POS -237.749581 -279.466723
9 447 9447 4 M02880 POS -246.321602 -285.640396
9 342 9342 4 M03065 POS -194.230603 -259.023641
9 353 9353 4 M03070 POS -288.556833 -227.275336
9 398 9398 4 M03195 POS -276.896968 -252.277021
9 155 9155 4 M03208 POS -139.468710 -174.833838
9 158 9158 4 M03303 POS -110.824820 -187.608216
9 360 9360 4 M03344 POS -221.794002 -256.727732
9 245 9245 4 M03345 POS -199.564868 -207.219196
9 300 9300 4 M03347 POS -205.858408 -234.100219
9 108 9108 4 M03436 POS -96.137030 -154.701622
9 395 9395 4 M03479 POS -305.616612 -239.666083
9 375 9375 4 M03634 POS -287.478933 -237.683952
9 157 9157 4 M03665 POS -120.350864 -183.333119
9 416 9416 4 M03921 POS -323.830488 -241.688569
9 467 9467 4 M04035 POS -254.830045 -291.868930
9 86 9086 4 M04083 POS -88.788221 -138.136977
9 397 9397 4 M04146 POS -286.464253 -248.097764
9 13 9013 4 M04233 POS -52.332032 -55.604033
9 418 9418 4 M04259 POS -304.576702 -250.086923
9 312 9312 4 M04303 POS -281.149179 -210.704820
9 441 9441 4 M04326 POS -303.638414 -260.522722
9 334 9334 4 M04332 POS -270.513086 -225.273259
9 354 9354 4 M04396 POS -279.021436 -231.426880
9 485 9485 4 M04421 POS -263.395339 -298.151455
9 417 9417 4 M04639 POS -314.185343 -245.860368
9 419 9419 4 M04643 POS -295.013737 -254.288888
9 166 9166 4 M04714 POS -176.496828 -168.148989
9 152 9152 4 M04771 POS -168.102144 -162.030910
9 97 9097 4 M04951 POS -87.702876 -148.564395
9 443 9443 4 M04998 POS -284.525843 -268.946650
9 373 9373 4 M05021 POS -306.651771 -229.220929
9 396 9396 4 M05044 POS -296.053125 -243.877526
9 352 9352 4 M05087 POS -298.116566 -223.092653
9 394 9394 4 M05215 POS -315.222518 -235.517714
9 324 9324 4 M05440 POS -166.676348 -261.378513
9 388 9388 4 M05503 POS -163.520622 -292.534173
9 519 9519 4 M06829 POS -232.843009 -331.699079
9 489 9489 4 M06830 POS -225.200237 -315.002462
9 124 9124 4 M06831 POS -179.806510 -137.037997
9 520 9520 4 M06832 POS -223.301672 -335.915567
9 490 9490 4 M06833 POS -215.680013 -319.216413
9 521 9521 4 M06834 POS -213.730771 -340.153702
9 522 9522 4 M06835 POS -204.226771 -344.355374
9 358 9358 4 M06898 POS -240.813341 -248.294625
9 295 9295 4 M06945 POS -253.576275 -212.986375
9 258 9258 4 M07012 POS -246.148562 -196.436507
9 315 9315 4 M07024 POS -252.501637 -223.308713
9 506 9506 4 M07047 POS -224.202623 -325.440610
9 507 9507 4 M07048 POS -214.665738 -329.681551
9 154 9154 4 M07174 POS -149.007143 -170.598201
9 168 9168 4 M07175 POS -157.400268 -176.684175
9 156 9156 4 M07176 POS -129.907469 -179.118841
9 167 9167 4 M07177 POS -166.975262 -172.397574
9 184 9184 4 M07178 POS -146.724599 -191.263531
9 170 9170 4 M07179 POS -138.308386 -185.191944
9 215 9215 4 M07180 POS -154.071205 -207.722226
9 200 9200 4 M07181 POS -145.646235 -201.648424
9 115 9115 4 M07202 POS -142.848360 -143.703786
9 140 9140 4 M07203 POS -150.099669 -160.220241
9 426 9426 4 M07224 POS -228.213986 -283.687482
9 314 9314 4 M07228 POS -262.023064 -219.130022
9 65 9065 4 M07236 POS -100.667653 -113.154974
9 277 9277 4 M07245 POS -245.111790 -206.778056
9 259 9259 4 M07246 POS -236.633043 -200.647855
9 240 9240 4 M07247 POS -247.206642 -186.132466
9 294 9294 4 M07248 POS -263.123199 -208.796473
9 241 9241 4 M07249 POS -237.713972 -190.294523
9 337 9337 4 M07250 POS -241.907571 -237.927804
9 278 9278 4 M07251 POS -235.576324 -211.042855
9 223 9223 4 M07252 POS -238.761531 -179.973089
9 276 9276 4 M07253 POS -254.653873 -202.641438
9 317 9317 4 M07254 POS -233.426980 -231.748715
9 113 9113 4 M07271 POS -162.076385 -135.141083
9 445 9445 4 M07279 POS -265.384411 -277.293400
9 362 9362 4 M07293 POS -202.697177 -265.159002
9 399 9399 4 M07314 POS -267.361112 -256.513210
9 165 9165 4 M07315 POS -186.024432 -163.905827
9 125 9125 4 M07316 POS -170.340785 -141.330564
9 137 9137 4 M07317 POS -178.729379 -147.423443
9 405 9405 4 M07319 POS -210.129108 -281.754187
9 448 9448 4 M07323 POS -236.725961 -289.907296
9 212 9212 4 M07324 POS -182.731025 -195.010775
9 284 9284 4 M07334 POS -178.327420 -236.428646
9 322 9322 4 M07335 POS -185.719787 -252.943915
9 41 9041 4 M07340 POS -84.859606 -90.530645
9 56 9056 4 M07341 POS -101.723448 -102.788033
9 444 9444 4 M07346 POS -274.956332 -273.082659
9 466 9466 4 M07354 POS -264.379643 -287.708956
9 196 9196 4 M07356 POS -183.833760 -184.620081
9 282 9282 4 M07357 POS -197.393345 -227.973176
9 378 9378 4 M07376 POS -258.847862 -250.291251
9 280 9280 4 M07377 POS -216.457033 -219.487695
9 298 9298 4 M07378 POS -224.973347 -225.629178
9 377 9377 4 M07379 POS -268.383949 -246.065529
9 338 9338 4 M07380 POS -232.376734 -242.165777
9 356 9356 4 M07381 POS -259.925229 -239.861923
9 355 9355 4 M07393 POS -269.441513 -235.691639
9 288 9288 4 M07397 POS -140.321736 -253.428017
9 287 9287 4 M07398 POS -149.746959 -249.201747
9 281 9281 4 M07416 POS -206.948589 -223.687800
9 247 9247 4 M07417 POS -180.470740 -215.709390
9 301 9301 4 M07418 POS -196.346679 -238.321822
9 230 9230 4 M07419 POS -171.995761 -209.627801
9 283 9283 4 M07423 POS -187.886873 -232.167851
9 335 9335 4 M07424 POS -260.943893 -229.492048
9 512 9512 4 M07426 POS -166.979035 -350.838297
9 511 9511 4 M07428 POS -176.549366 -346.562720
9 525 9525 4 M07429 POS -175.575749 -357.104738
9 523 9523 4 M07430 POS -194.640014 -348.604839
9 25 9025 4 M07431 POS -40.602274 -80.678872
9 494 9494 4 M07435 POS -177.557556 -336.111124
9 364 9364 4 M07436 POS -183.682693 -273.630136
9 260 9260 4 M07439 POS -227.078189 -204.872724
9 296 9296 4 M07440 POS -243.999676 -217.149196
9 357 9357 4 M07441 POS -250.382975 -244.073322
9 279 9279 4 M07442 POS -226.044042 -215.282862
9 297 9297 4 M07444 POS -234.473362 -221.372958
9 316 9316 4 M07445 POS -242.976525 -227.591274
9 336 9336 4 M07446 POS -251.418150 -233.704631
9 376 9376 4 M07450 POS -277.960377 -241.838374
9 464 9464 4 M07451 POS -283.511806 -279.319533
9 463 9463 4 M07455 POS -293.079403 -275.136007
9 249 9249 4 M07457 POS -161.472484 -224.154700
9 422 9422 4 M07459 POS -266.334755 -266.867205
9 313 9313 4 M07460 POS -271.575328 -214.949955
9 293 9293 4 M07461 POS -272.650973 -204.555954
9 257 9257 4 M07465 POS -255.710132 -192.178135
9 275 9275 4 M07467 POS -264.179414 -198.374193
9 49 9049 4 M07480 POS -83.801988 -100.870446
9 48 9048 4 M07481 POS -93.327608 -96.679095
9 28 9028 4 M07483 POS -68.064920 -78.306208
9 42 9042 4 M07484 POS -75.423141 -94.791979
9 469 9469 4 M07489 POS -235.711982 -300.347925
9 366 9366 4 M07493 POS -164.627171 -282.116754
9 346 9346 4 M07494 POS -156.153318 -275.949079
9 305 9305 4 M07497 POS -158.226529 -255.231370
9 306 9306 4 M07516 POS -148.711153 -259.531431
9 503 9503 4 M07528 POS -252.841660 -312.783382
9 262 9262 4 M07535 POS -208.003691 -213.376264
9 264 9264 4 M07537 POS -188.940717 -221.810302
9 228 9228 4 M07539 POS -191.086745 -201.108320
9 487 9487 4 M07542 POS -244.303814 -306.547336
9 465 9465 4 M07544 POS -273.947942 -283.509104
9 332 9332 4 M07545 POS -289.604988 -216.907815
9 401 9401 4 M07546 POS -248.299945 -264.828297
9 325 9325 4 M07548 POS -157.209779 -265.661487
9 269 9269 4 M07549 POS -141.358018 -243.039644
9 471 9471 4 M07576 POS -216.674251 -308.789005
9 383 9383 4 M07577 POS -211.193551 -271.308286
9 407 9407 4 M07579 POS -191.082098 -290.196775
9 429 9429 4 M07580 POS -199.598973 -296.355783
9 363 9363 4 M07582 POS -193.196468 -269.357457
9 182 9182 4 M07583 POS -165.846633 -182.756088
9 450 9450 4 M07584 POS -217.654026 -298.366145
9 197 9197 4 M07586 POS -174.292171 -188.816060
9 526 9526 4 M07588 POS -166.063754 -361.347170
9 365 9365 4 M07589 POS -174.111118 -277.892424
9 345 9345 4 M07590 POS -165.648156 -271.708645
9 385 9385 4 M07591 POS -192.133875 -279.778081
9 384 9384 4 M07592 POS -201.669125 -275.535797
9 451 9451 4 M07593 POS -208.143346 -302.591988
9 510 9510 4 M07595 POS -186.065751 -342.304373
9 442 9442 4 M07598 POS -294.079035 -264.709856
9 250 9250 4 M07602 POS -151.927315 -228.434325
9 374 9374 4 M07603 POS -297.067270 -233.463960
9 484 9484 4 M07604 POS -272.991047 -293.933366
9 333 9333 4 M07606 POS -280.073990 -221.078293
9 440 9440 4 M07608 POS -313.237212 -256.319250
9 211 9211 4 M07609 POS -192.253362 -190.740382
9 227 9227 4 M07610 POS -200.648439 -196.889965
9 486 9486 4 M07612 POS -253.818109 -302.350937
9 423 9423 4 M07613 POS -256.813989 -271.022597
9 446 9446 4 M07616 POS -255.846177 -281.476530
9 424 9424 4 M07623 POS -247.264738 -275.239737
9 508 9508 4 M07629 POS -205.120755 -333.892605
9 409 9409 4 M07630 POS -172.035196 -298.631675
9 387 9387 4 M07640 POS -173.089356 -288.282122
9 453 9453 4 M07641 POS -189.039471 -311.032416
9 430 9430 4 M07643 POS -190.072003 -300.533172
9 400 9400 4 M07647 POS -257.831943 -260.660043
9 421 9421 4 M07648 POS -275.912832 -262.658688
9 404 9404 4 M07649 POS -219.681160 -277.567375
9 472 9472 4 M07651 POS -207.183526 -312.978301
9 491 9491 4 M07653 POS -206.096796 -323.428665
9 408 9408 4 M07655 POS -181.562619 -294.401313
9 431 9431 4 M07656 POS -180.505731 -304.822593
9 473 9473 4 M07663 POS -197.637537 -317.205159
9 483 9483 4 M07664 POS -282.533844 -289.793848
9 468 9468 4 M07666 POS -245.295513 -296.081319
9 91 9091 4 M07669 POS -145.043051 -122.976124
9 54 9054 4 M07671 POS -120.839264 -94.246883
9 452 9452 4 M07681 POS -198.645796 -306.767377
9 126 9126 4 M07683 POS -160.765388 -145.562712
9 462 9462 4 M07684 POS -302.679082 -270.923662
9 420 9420 4 M07685 POS -285.481438 -258.448113
9 7 9007 4 M07686 POS -25.897988 -47.726146
9 24 9024 4 M07687 POS -50.142788 -76.390228
9 19 9019 4 M07688 POS -41.762038 -70.298382
9 80 9080 4 M07689 POS -146.169698 -112.576886
9 273 9273 4 M07690 POS -103.273909 -260.078465
9 81 9081 4 M07691 POS -136.569994 -116.827427
9 102 9102 4 M07692 POS -153.442046 -129.124604
9 14 9014 4 M07694 POS -42.803515 -59.898276
9 2 9002 4 M07695 POS -18.629379 -31.226713
9 4 9004 4 M07696 POS -27.081601 -37.316990
9 37 9037 4 M07697 POS -47.898356 -97.155822
9 10 9010 4 M07698 POS -34.387874 -53.812138
9 93 9093 4 M07710 POS -125.956393 -131.547487
9 15 9015 4 M07711 POS -33.248686 -64.263882
9 18 9018 4 M07712 POS -51.221294 -66.003348
9 191 9191 4 M07713 POS -80.102370 -221.053024
9 428 9428 4 M07715 POS -209.106617 -292.158042
9 389 9389 4 M07717 POS -154.007313 -296.786127
9 23 9023 4 M07720 POS -59.701139 -72.152103
9 64 9064 4 M07721 POS -110.141764 -108.927081
9 104 9104 4 M07722 POS -134.399454 -137.634486
9 206 9206 4 M07723 POS -88.493082 -227.184359
9 92 9092 4 M07724 POS -135.468897 -127.290268
9 103 9103 4 M07726 POS -143.932898 -133.327575
9 406 9406 4 M07730 POS -200.647818 -285.948115
9 180 9180 4 M07731 POS -184.925925 -174.273714
9 162 9162 4 M07732 POS -72.757381 -204.609504
9 190 9190 4 M07733 POS -89.621850 -216.779145
9 189 9189 4 M07734 POS -99.076759 -212.620687
9 205 9205 4 M07735 POS -98.052279 -222.888497
9 148 9148 4 M07736 POS -73.812187 -194.214105
9 135 9135 4 M07742 POS -74.867628 -183.901284
9 176 9176 4 M07743 POS -81.151424 -210.724182
9 221 9221 4 M07744 POS -96.965316 -233.325320
9 72 9072 4 M07745 POS -128.154276 -110.753597
9 114 9114 4 M07746 POS -152.363518 -139.467723
9 55 9055 4 M07747 POS -111.320449 -98.504112
9 63 9063 4 M07748 POS -119.663887 -104.635365
9 136 9136 4 M07749 POS -188.200857 -143.219268
9 112 9112 4 M07750 POS -171.366538 -130.986536
9 101 9101 4 M07751 POS -162.967559 -124.854014
9 386 9386 4 M07752 POS -182.635154 -283.990457
9 343 9343 4 M07753 POS -184.656615 -263.284934
9 327 9327 4 M07754 POS -138.170298 -274.129170
9 347 9347 4 M07755 POS -146.600018 -280.233421
9 326 9326 4 M07761 POS -147.616954 -269.896512
9 368 9368 4 M07762 POS -145.525125 -290.622897
9 289 9289 4 M07763 POS -130.772630 -257.640313
9 367 9367 4 M07764 POS -155.038085 -286.375329
9 307 9307 4 M07766 POS -139.284342 -263.781426
9 308 9308 4 M07767 POS -129.709696 -268.033892
9 138 9138 4 M07768 POS -169.185013 -151.682530
9 122 9122 4 M07790 POS -75.946490 -173.575871
9 160 9160 4 M07791 POS -91.814056 -196.072314
9 174 9174 4 M07792 POS -100.185914 -202.214977
9 123 9123 4 M07793 POS -66.423578 -177.821689
9 134 9134 4 M07794 POS -84.465364 -179.665544
9 274 9274 4 M07805 POS -93.774316 -264.340570
9 62 9062 4 M07806 POS -129.233113 -100.343740
9 310 9310 4 M07828 POS -110.647022 -276.602369
9 60 9060 4 M07830 POS -63.542402 -119.859119
9 44 9044 4 M07831 POS -56.251733 -103.301045
9 67 9067 4 M07832 POS -81.466024 -121.674813
9 77 9077 4 M07833 POS -80.359152 -132.017252
9 68 9068 4 M07834 POS -71.940651 -125.935910
9 52 9052 4 M07835 POS -55.097604 -113.743052
9 30 9030 4 M07836 POS -49.043590 -86.824174
9 71 9071 4 M07837 POS -137.682389 -106.457253
9 90 9090 4 M07838 POS -154.558140 -118.753435
9 292 9292 4 M07839 POS -102.189584 -270.447520
9 219 9219 4 M07846 POS -116.001264 -224.793318
9 20 9020 4 M07848 POS -32.123222 -74.580219
9 74 9074 4 M07849 POS -109.092285 -119.311878
9 46 9046 4 M07860 POS -112.410196 -88.159274
9 119 9119 4 M07861 POS -104.541487 -160.783747
9 131 9131 4 M07862 POS -113.012232 -166.916195
9 143 9143 4 M07863 POS -121.419308 -172.927990
9 129 9129 4 M07864 POS -132.112747 -158.363175
9 84 9084 4 M07865 POS -107.960572 -129.659550
9 96 9096 4 M07866 POS -97.233988 -144.295189
9 59 9059 4 M07867 POS -73.074590 -115.567326
9 51 9051 4 M07868 POS -64.718127 -109.344726
9 76 9076 4 M07869 POS -89.939719 -127.786814
9 175 9175 4 M07890 POS -90.686105 -206.489474
9 147 9147 4 M07891 POS -83.339685 -189.955016
9 161 9161 4 M07893 POS -82.215504 -200.432228
9 110 9110 4 M07894 POS -77.064665 -163.185966
9 133 9133 4 M07895 POS -93.942754 -175.396313
9 73 9073 4 M07896 POS -118.620974 -114.969798
9 252 9252 4 M07897 POS -132.913348 -236.927712
9 220 9220 4 M07899 POS -106.492100 -229.010037
9 237 9237 4 M07901 POS -105.473737 -239.355966
9 290 9290 4 M07902 POS -121.227894 -261.942911
9 238 9238 4 M07903 POS -95.838271 -243.634597
9 272 9272 4 M07904 POS -112.812190 -255.840718
9 255 9255 4 M07905 POS -104.352061 -249.765486
9 236 9236 4 M07908 POS -114.968801 -235.120430
9 254 9254 4 M07912 POS -113.846139 -245.445764
9 271 9271 4 M07913 POS -122.313145 -251.581237
9 32 9032 4 M07919 POS -95.560155 -75.840722
9 21 9021 4 M07920 POS -78.662402 -63.694352
9 128 9128 4 M07921 POS -141.711280 -154.043343
9 39 9039 4 M07922 POS -103.946929 -82.012446
9 222 9222 4 M07923 POS -87.427522 -237.560176
9 253 9253 4 M07924 POS -123.347115 -241.189648
9 235 9235 4 M07925 POS -124.442176 -230.818902
9 27 9027 4 M07926 POS -77.605678 -73.974412
9 26 9026 4 M07927 POS -87.122364 -69.754400
9 40 9040 4 M07928 POS -94.477356 -86.227844
9 33 9033 4 M07929 POS -86.032804 -80.103961
9 22 9022 4 M07930 POS -69.150198 -67.934972
9 57 9057 4 M07931 POS -92.227087 -107.059199
9 47 9047 4 M07932 POS -102.880728 -92.408902
9 291 9291 4 M07933 POS -111.738445 -266.176903
9 204 9204 4 M07934 POS -107.566483 -218.642293
9 270 9270 4 M07936 POS -131.800951 -247.308492
9 311 9311 4 M07944 POS -101.105880 -280.860339
9 256 9256 4 M07945 POS -94.834081 -253.982089
9 31 9031 4 M07948 POS -39.441866 -91.028506
9 461 9461 260 M05070 ETC -312.305381 -266.753512
9 501 9501 260 M07601 ETC -272.029893 -304.406880
